run_id	Lift curve.Positive rate	Lift curve
9e9f0c7f-81c2-4e0b-98f9-91ba3e52c8ab	0	
9e9f0c7f-81c2-4e0b-98f9-91ba3e52c8ab	0.0125	2
9e9f0c7f-81c2-4e0b-98f9-91ba3e52c8ab	0.025	4
9e9f0c7f-81c2-4e0b-98f9-91ba3e52c8ab	0.04375	7
9e9f0c7f-81c2-4e0b-98f9-91ba3e52c8ab	0.05625	9
9e9f0c7f-81c2-4e0b-98f9-91ba3e52c8ab	0.06875	11
9e9f0c7f-81c2-4e0b-98f9-91ba3e52c8ab	0.0875	14
9e9f0c7f-81c2-4e0b-98f9-91ba3e52c8ab	0.09375	15
9e9f0c7f-81c2-4e0b-98f9-91ba3e52c8ab	0.10625	17
9e9f0c7f-81c2-4e0b-98f9-91ba3e52c8ab	0.11875	19
9e9f0c7f-81c2-4e0b-98f9-91ba3e52c8ab	0.13125	21
9e9f0c7f-81c2-4e0b-98f9-91ba3e52c8ab	0.1375	22
9e9f0c7f-81c2-4e0b-98f9-91ba3e52c8ab	0.15	24
9e9f0c7f-81c2-4e0b-98f9-91ba3e52c8ab	0.15	24
9e9f0c7f-81c2-4e0b-98f9-91ba3e52c8ab	0.1625	26
9e9f0c7f-81c2-4e0b-98f9-91ba3e52c8ab	0.1625	26
9e9f0c7f-81c2-4e0b-98f9-91ba3e52c8ab	0.1625	26
9e9f0c7f-81c2-4e0b-98f9-91ba3e52c8ab	0.1625	26
9e9f0c7f-81c2-4e0b-98f9-91ba3e52c8ab	0.16875	27
9e9f0c7f-81c2-4e0b-98f9-91ba3e52c8ab	0.18125	29
9e9f0c7f-81c2-4e0b-98f9-91ba3e52c8ab	0.19375	31
9e9f0c7f-81c2-4e0b-98f9-91ba3e52c8ab	0.2	32
9e9f0c7f-81c2-4e0b-98f9-91ba3e52c8ab	0.2	32
9e9f0c7f-81c2-4e0b-98f9-91ba3e52c8ab	0.2	32
9e9f0c7f-81c2-4e0b-98f9-91ba3e52c8ab	0.2	32
9e9f0c7f-81c2-4e0b-98f9-91ba3e52c8ab	0.2	32
9e9f0c7f-81c2-4e0b-98f9-91ba3e52c8ab	0.20625	33
9e9f0c7f-81c2-4e0b-98f9-91ba3e52c8ab	0.20625	33
9e9f0c7f-81c2-4e0b-98f9-91ba3e52c8ab	0.20625	33
9e9f0c7f-81c2-4e0b-98f9-91ba3e52c8ab	0.225	36
9e9f0c7f-81c2-4e0b-98f9-91ba3e52c8ab	0.225	36
9e9f0c7f-81c2-4e0b-98f9-91ba3e52c8ab	0.23125	37
9e9f0c7f-81c2-4e0b-98f9-91ba3e52c8ab	0.2375	38
9e9f0c7f-81c2-4e0b-98f9-91ba3e52c8ab	0.2375	38
9e9f0c7f-81c2-4e0b-98f9-91ba3e52c8ab	0.2375	38
9e9f0c7f-81c2-4e0b-98f9-91ba3e52c8ab	0.2375	38
9e9f0c7f-81c2-4e0b-98f9-91ba3e52c8ab	0.24375	39
9e9f0c7f-81c2-4e0b-98f9-91ba3e52c8ab	0.25	40
9e9f0c7f-81c2-4e0b-98f9-91ba3e52c8ab	0.25625	41
9e9f0c7f-81c2-4e0b-98f9-91ba3e52c8ab	0.25625	41
9e9f0c7f-81c2-4e0b-98f9-91ba3e52c8ab	0.25625	41
9e9f0c7f-81c2-4e0b-98f9-91ba3e52c8ab	0.25625	41
9e9f0c7f-81c2-4e0b-98f9-91ba3e52c8ab	0.25625	41
9e9f0c7f-81c2-4e0b-98f9-91ba3e52c8ab	0.2625	42
9e9f0c7f-81c2-4e0b-98f9-91ba3e52c8ab	0.26875	43
9e9f0c7f-81c2-4e0b-98f9-91ba3e52c8ab	0.26875	43
9e9f0c7f-81c2-4e0b-98f9-91ba3e52c8ab	0.26875	43
9e9f0c7f-81c2-4e0b-98f9-91ba3e52c8ab	0.26875	43
9e9f0c7f-81c2-4e0b-98f9-91ba3e52c8ab	0.26875	43
9e9f0c7f-81c2-4e0b-98f9-91ba3e52c8ab	0.26875	43
9e9f0c7f-81c2-4e0b-98f9-91ba3e52c8ab	0.26875	43
9e9f0c7f-81c2-4e0b-98f9-91ba3e52c8ab	0.26875	43
9e9f0c7f-81c2-4e0b-98f9-91ba3e52c8ab	0.26875	43
9e9f0c7f-81c2-4e0b-98f9-91ba3e52c8ab	0.26875	43
9e9f0c7f-81c2-4e0b-98f9-91ba3e52c8ab	0.26875	43
9e9f0c7f-81c2-4e0b-98f9-91ba3e52c8ab	0.26875	43
9e9f0c7f-81c2-4e0b-98f9-91ba3e52c8ab	0.26875	43
9e9f0c7f-81c2-4e0b-98f9-91ba3e52c8ab	0.26875	43
9e9f0c7f-81c2-4e0b-98f9-91ba3e52c8ab	0.26875	43
9e9f0c7f-81c2-4e0b-98f9-91ba3e52c8ab	0.275	44
9e9f0c7f-81c2-4e0b-98f9-91ba3e52c8ab	0.2875	46
9e9f0c7f-81c2-4e0b-98f9-91ba3e52c8ab	0.3	48
9e9f0c7f-81c2-4e0b-98f9-91ba3e52c8ab	0.3	48
9e9f0c7f-81c2-4e0b-98f9-91ba3e52c8ab	0.3	48
9e9f0c7f-81c2-4e0b-98f9-91ba3e52c8ab	0.3	48
9e9f0c7f-81c2-4e0b-98f9-91ba3e52c8ab	0.3	48
9e9f0c7f-81c2-4e0b-98f9-91ba3e52c8ab	0.3	48
9e9f0c7f-81c2-4e0b-98f9-91ba3e52c8ab	0.30625	49
9e9f0c7f-81c2-4e0b-98f9-91ba3e52c8ab	0.31875	51
9e9f0c7f-81c2-4e0b-98f9-91ba3e52c8ab	0.31875	51
9e9f0c7f-81c2-4e0b-98f9-91ba3e52c8ab	0.31875	51
9e9f0c7f-81c2-4e0b-98f9-91ba3e52c8ab	0.325	52
9e9f0c7f-81c2-4e0b-98f9-91ba3e52c8ab	0.325	52
9e9f0c7f-81c2-4e0b-98f9-91ba3e52c8ab	0.33125	53
9e9f0c7f-81c2-4e0b-98f9-91ba3e52c8ab	0.3375	54
9e9f0c7f-81c2-4e0b-98f9-91ba3e52c8ab	0.3375	54
9e9f0c7f-81c2-4e0b-98f9-91ba3e52c8ab	0.3375	54
9e9f0c7f-81c2-4e0b-98f9-91ba3e52c8ab	0.3375	54
9e9f0c7f-81c2-4e0b-98f9-91ba3e52c8ab	0.3375	54
9e9f0c7f-81c2-4e0b-98f9-91ba3e52c8ab	0.3375	54
9e9f0c7f-81c2-4e0b-98f9-91ba3e52c8ab	0.34375	55
9e9f0c7f-81c2-4e0b-98f9-91ba3e52c8ab	0.34375	55
9e9f0c7f-81c2-4e0b-98f9-91ba3e52c8ab	0.34375	55
9e9f0c7f-81c2-4e0b-98f9-91ba3e52c8ab	0.34375	55
9e9f0c7f-81c2-4e0b-98f9-91ba3e52c8ab	0.34375	55
9e9f0c7f-81c2-4e0b-98f9-91ba3e52c8ab	0.34375	55
9e9f0c7f-81c2-4e0b-98f9-91ba3e52c8ab	0.34375	55
9e9f0c7f-81c2-4e0b-98f9-91ba3e52c8ab	0.34375	55
9e9f0c7f-81c2-4e0b-98f9-91ba3e52c8ab	0.34375	55
9e9f0c7f-81c2-4e0b-98f9-91ba3e52c8ab	0.34375	55
9e9f0c7f-81c2-4e0b-98f9-91ba3e52c8ab	0.35	56
9e9f0c7f-81c2-4e0b-98f9-91ba3e52c8ab	0.35	56
9e9f0c7f-81c2-4e0b-98f9-91ba3e52c8ab	0.35	56
9e9f0c7f-81c2-4e0b-98f9-91ba3e52c8ab	0.35	56
9e9f0c7f-81c2-4e0b-98f9-91ba3e52c8ab	0.35	56
9e9f0c7f-81c2-4e0b-98f9-91ba3e52c8ab	0.35625	57
9e9f0c7f-81c2-4e0b-98f9-91ba3e52c8ab	0.35625	57
9e9f0c7f-81c2-4e0b-98f9-91ba3e52c8ab	0.35625	57
9e9f0c7f-81c2-4e0b-98f9-91ba3e52c8ab	0.3625	58
9e9f0c7f-81c2-4e0b-98f9-91ba3e52c8ab	0.3625	58
9e9f0c7f-81c2-4e0b-98f9-91ba3e52c8ab	0.3625	58
9e9f0c7f-81c2-4e0b-98f9-91ba3e52c8ab	0.3625	58
9e9f0c7f-81c2-4e0b-98f9-91ba3e52c8ab	0.3625	58
9e9f0c7f-81c2-4e0b-98f9-91ba3e52c8ab	0.3625	58
9e9f0c7f-81c2-4e0b-98f9-91ba3e52c8ab	0.3625	58
9e9f0c7f-81c2-4e0b-98f9-91ba3e52c8ab	0.3625	58
9e9f0c7f-81c2-4e0b-98f9-91ba3e52c8ab	0.3625	58
9e9f0c7f-81c2-4e0b-98f9-91ba3e52c8ab	0.3625	58
9e9f0c7f-81c2-4e0b-98f9-91ba3e52c8ab	0.3625	58
9e9f0c7f-81c2-4e0b-98f9-91ba3e52c8ab	0.3625	58
9e9f0c7f-81c2-4e0b-98f9-91ba3e52c8ab	0.3625	58
9e9f0c7f-81c2-4e0b-98f9-91ba3e52c8ab	0.3625	58
9e9f0c7f-81c2-4e0b-98f9-91ba3e52c8ab	0.3625	58
9e9f0c7f-81c2-4e0b-98f9-91ba3e52c8ab	0.3625	58
9e9f0c7f-81c2-4e0b-98f9-91ba3e52c8ab	0.3625	58
9e9f0c7f-81c2-4e0b-98f9-91ba3e52c8ab	0.3625	58
9e9f0c7f-81c2-4e0b-98f9-91ba3e52c8ab	0.3625	58
9e9f0c7f-81c2-4e0b-98f9-91ba3e52c8ab	0.36875	59
9e9f0c7f-81c2-4e0b-98f9-91ba3e52c8ab	0.36875	59
9e9f0c7f-81c2-4e0b-98f9-91ba3e52c8ab	0.36875	59
9e9f0c7f-81c2-4e0b-98f9-91ba3e52c8ab	0.36875	59
9e9f0c7f-81c2-4e0b-98f9-91ba3e52c8ab	0.36875	59
9e9f0c7f-81c2-4e0b-98f9-91ba3e52c8ab	0.36875	59
9e9f0c7f-81c2-4e0b-98f9-91ba3e52c8ab	0.375	60
9e9f0c7f-81c2-4e0b-98f9-91ba3e52c8ab	0.375	60
9e9f0c7f-81c2-4e0b-98f9-91ba3e52c8ab	0.375	60
9e9f0c7f-81c2-4e0b-98f9-91ba3e52c8ab	0.375	60
9e9f0c7f-81c2-4e0b-98f9-91ba3e52c8ab	0.375	60
9e9f0c7f-81c2-4e0b-98f9-91ba3e52c8ab	0.375	60
9e9f0c7f-81c2-4e0b-98f9-91ba3e52c8ab	0.375	60
9e9f0c7f-81c2-4e0b-98f9-91ba3e52c8ab	0.375	60
9e9f0c7f-81c2-4e0b-98f9-91ba3e52c8ab	0.375	60
9e9f0c7f-81c2-4e0b-98f9-91ba3e52c8ab	0.375	60
9e9f0c7f-81c2-4e0b-98f9-91ba3e52c8ab	0.375	60
9e9f0c7f-81c2-4e0b-98f9-91ba3e52c8ab	0.375	60
9e9f0c7f-81c2-4e0b-98f9-91ba3e52c8ab	0.375	60
9e9f0c7f-81c2-4e0b-98f9-91ba3e52c8ab	0.375	60
9e9f0c7f-81c2-4e0b-98f9-91ba3e52c8ab	0.375	60
9e9f0c7f-81c2-4e0b-98f9-91ba3e52c8ab	0.375	60
9e9f0c7f-81c2-4e0b-98f9-91ba3e52c8ab	0.375	60
9e9f0c7f-81c2-4e0b-98f9-91ba3e52c8ab	0.375	60
9e9f0c7f-81c2-4e0b-98f9-91ba3e52c8ab	0.375	60
9e9f0c7f-81c2-4e0b-98f9-91ba3e52c8ab	0.375	60
9e9f0c7f-81c2-4e0b-98f9-91ba3e52c8ab	0.375	60
9e9f0c7f-81c2-4e0b-98f9-91ba3e52c8ab	0.375	60
9e9f0c7f-81c2-4e0b-98f9-91ba3e52c8ab	0.375	60
9e9f0c7f-81c2-4e0b-98f9-91ba3e52c8ab	0.375	60
9e9f0c7f-81c2-4e0b-98f9-91ba3e52c8ab	0.375	60
9e9f0c7f-81c2-4e0b-98f9-91ba3e52c8ab	0.375	60
9e9f0c7f-81c2-4e0b-98f9-91ba3e52c8ab	0.375	60
9e9f0c7f-81c2-4e0b-98f9-91ba3e52c8ab	0.375	60
9e9f0c7f-81c2-4e0b-98f9-91ba3e52c8ab	0.375	60
9e9f0c7f-81c2-4e0b-98f9-91ba3e52c8ab	0.375	60
9e9f0c7f-81c2-4e0b-98f9-91ba3e52c8ab	0.375	60
9e9f0c7f-81c2-4e0b-98f9-91ba3e52c8ab	0.375	60
9e9f0c7f-81c2-4e0b-98f9-91ba3e52c8ab	0.375	60
9e9f0c7f-81c2-4e0b-98f9-91ba3e52c8ab	0.375	60
9e9f0c7f-81c2-4e0b-98f9-91ba3e52c8ab	0.375	60
9e9f0c7f-81c2-4e0b-98f9-91ba3e52c8ab	0.375	60
9e9f0c7f-81c2-4e0b-98f9-91ba3e52c8ab	0.375	60
9e9f0c7f-81c2-4e0b-98f9-91ba3e52c8ab	0.375	60
9e9f0c7f-81c2-4e0b-98f9-91ba3e52c8ab	0.375	60
9e9f0c7f-81c2-4e0b-98f9-91ba3e52c8ab	0.375	60
9e9f0c7f-81c2-4e0b-98f9-91ba3e52c8ab	0.375	60
9e9f0c7f-81c2-4e0b-98f9-91ba3e52c8ab	0.375	60
9e9f0c7f-81c2-4e0b-98f9-91ba3e52c8ab	0.375	60
9e9f0c7f-81c2-4e0b-98f9-91ba3e52c8ab	0.38125	61
9e9f0c7f-81c2-4e0b-98f9-91ba3e52c8ab	0.38125	61
9e9f0c7f-81c2-4e0b-98f9-91ba3e52c8ab	0.38125	61
9e9f0c7f-81c2-4e0b-98f9-91ba3e52c8ab	0.38125	61
9e9f0c7f-81c2-4e0b-98f9-91ba3e52c8ab	0.38125	61
9e9f0c7f-81c2-4e0b-98f9-91ba3e52c8ab	0.38125	61
9e9f0c7f-81c2-4e0b-98f9-91ba3e52c8ab	0.38125	61
9e9f0c7f-81c2-4e0b-98f9-91ba3e52c8ab	0.38125	61
9e9f0c7f-81c2-4e0b-98f9-91ba3e52c8ab	0.38125	61
9e9f0c7f-81c2-4e0b-98f9-91ba3e52c8ab	0.38125	61
9e9f0c7f-81c2-4e0b-98f9-91ba3e52c8ab	0.38125	61
9e9f0c7f-81c2-4e0b-98f9-91ba3e52c8ab	0.38125	61
9e9f0c7f-81c2-4e0b-98f9-91ba3e52c8ab	0.38125	61
9e9f0c7f-81c2-4e0b-98f9-91ba3e52c8ab	0.38125	61
9e9f0c7f-81c2-4e0b-98f9-91ba3e52c8ab	0.38125	61
9e9f0c7f-81c2-4e0b-98f9-91ba3e52c8ab	0.38125	61
9e9f0c7f-81c2-4e0b-98f9-91ba3e52c8ab	0.3875	62
9e9f0c7f-81c2-4e0b-98f9-91ba3e52c8ab	0.39375	63
9e9f0c7f-81c2-4e0b-98f9-91ba3e52c8ab	0.39375	63
9e9f0c7f-81c2-4e0b-98f9-91ba3e52c8ab	0.39375	63
9e9f0c7f-81c2-4e0b-98f9-91ba3e52c8ab	0.39375	63
9e9f0c7f-81c2-4e0b-98f9-91ba3e52c8ab	0.39375	63
9e9f0c7f-81c2-4e0b-98f9-91ba3e52c8ab	0.39375	63
9e9f0c7f-81c2-4e0b-98f9-91ba3e52c8ab	0.39375	63
9e9f0c7f-81c2-4e0b-98f9-91ba3e52c8ab	0.39375	63
9e9f0c7f-81c2-4e0b-98f9-91ba3e52c8ab	0.39375	63
9e9f0c7f-81c2-4e0b-98f9-91ba3e52c8ab	0.39375	63
9e9f0c7f-81c2-4e0b-98f9-91ba3e52c8ab	0.39375	63
9e9f0c7f-81c2-4e0b-98f9-91ba3e52c8ab	0.4	64
9e9f0c7f-81c2-4e0b-98f9-91ba3e52c8ab	0.4	64
9e9f0c7f-81c2-4e0b-98f9-91ba3e52c8ab	0.4	64
9e9f0c7f-81c2-4e0b-98f9-91ba3e52c8ab	0.4	64
9e9f0c7f-81c2-4e0b-98f9-91ba3e52c8ab	0.4	64
9e9f0c7f-81c2-4e0b-98f9-91ba3e52c8ab	0.4	64
9e9f0c7f-81c2-4e0b-98f9-91ba3e52c8ab	0.4	64
9e9f0c7f-81c2-4e0b-98f9-91ba3e52c8ab	0.4	64
9e9f0c7f-81c2-4e0b-98f9-91ba3e52c8ab	0.4	64
9e9f0c7f-81c2-4e0b-98f9-91ba3e52c8ab	0.4	64
9e9f0c7f-81c2-4e0b-98f9-91ba3e52c8ab	0.4	64
9e9f0c7f-81c2-4e0b-98f9-91ba3e52c8ab	0.40625	65
9e9f0c7f-81c2-4e0b-98f9-91ba3e52c8ab	0.40625	65
9e9f0c7f-81c2-4e0b-98f9-91ba3e52c8ab	0.40625	65
9e9f0c7f-81c2-4e0b-98f9-91ba3e52c8ab	0.40625	65
9e9f0c7f-81c2-4e0b-98f9-91ba3e52c8ab	0.40625	65
9e9f0c7f-81c2-4e0b-98f9-91ba3e52c8ab	0.40625	65
9e9f0c7f-81c2-4e0b-98f9-91ba3e52c8ab	0.40625	65
9e9f0c7f-81c2-4e0b-98f9-91ba3e52c8ab	0.40625	65
9e9f0c7f-81c2-4e0b-98f9-91ba3e52c8ab	0.40625	65
9e9f0c7f-81c2-4e0b-98f9-91ba3e52c8ab	0.40625	65
9e9f0c7f-81c2-4e0b-98f9-91ba3e52c8ab	0.4125	65
9e9f0c7f-81c2-4e0b-98f9-91ba3e52c8ab	0.4125	65
9e9f0c7f-81c2-4e0b-98f9-91ba3e52c8ab	0.4125	65
9e9f0c7f-81c2-4e0b-98f9-91ba3e52c8ab	0.4125	65
9e9f0c7f-81c2-4e0b-98f9-91ba3e52c8ab	0.4125	65
9e9f0c7f-81c2-4e0b-98f9-91ba3e52c8ab	0.4125	65
9e9f0c7f-81c2-4e0b-98f9-91ba3e52c8ab	0.4125	65
9e9f0c7f-81c2-4e0b-98f9-91ba3e52c8ab	0.4125	65
9e9f0c7f-81c2-4e0b-98f9-91ba3e52c8ab	0.41875	66
9e9f0c7f-81c2-4e0b-98f9-91ba3e52c8ab	0.425	67
9e9f0c7f-81c2-4e0b-98f9-91ba3e52c8ab	0.425	67
9e9f0c7f-81c2-4e0b-98f9-91ba3e52c8ab	0.425	67
9e9f0c7f-81c2-4e0b-98f9-91ba3e52c8ab	0.425	67
9e9f0c7f-81c2-4e0b-98f9-91ba3e52c8ab	0.425	67
9e9f0c7f-81c2-4e0b-98f9-91ba3e52c8ab	0.425	67
9e9f0c7f-81c2-4e0b-98f9-91ba3e52c8ab	0.425	67
9e9f0c7f-81c2-4e0b-98f9-91ba3e52c8ab	0.425	67
9e9f0c7f-81c2-4e0b-98f9-91ba3e52c8ab	0.425	67
9e9f0c7f-81c2-4e0b-98f9-91ba3e52c8ab	0.425	67
9e9f0c7f-81c2-4e0b-98f9-91ba3e52c8ab	0.425	67
9e9f0c7f-81c2-4e0b-98f9-91ba3e52c8ab	0.425	67
9e9f0c7f-81c2-4e0b-98f9-91ba3e52c8ab	0.43125	68
9e9f0c7f-81c2-4e0b-98f9-91ba3e52c8ab	0.43125	68
9e9f0c7f-81c2-4e0b-98f9-91ba3e52c8ab	0.43125	68
9e9f0c7f-81c2-4e0b-98f9-91ba3e52c8ab	0.43125	68
9e9f0c7f-81c2-4e0b-98f9-91ba3e52c8ab	0.43125	68
9e9f0c7f-81c2-4e0b-98f9-91ba3e52c8ab	0.43125	68
9e9f0c7f-81c2-4e0b-98f9-91ba3e52c8ab	0.43125	68
9e9f0c7f-81c2-4e0b-98f9-91ba3e52c8ab	0.43125	68
9e9f0c7f-81c2-4e0b-98f9-91ba3e52c8ab	0.43125	68
9e9f0c7f-81c2-4e0b-98f9-91ba3e52c8ab	0.43125	68
9e9f0c7f-81c2-4e0b-98f9-91ba3e52c8ab	0.43125	68
9e9f0c7f-81c2-4e0b-98f9-91ba3e52c8ab	0.43125	68
9e9f0c7f-81c2-4e0b-98f9-91ba3e52c8ab	0.43125	68
9e9f0c7f-81c2-4e0b-98f9-91ba3e52c8ab	0.43125	68
9e9f0c7f-81c2-4e0b-98f9-91ba3e52c8ab	0.43125	68
9e9f0c7f-81c2-4e0b-98f9-91ba3e52c8ab	0.43125	68
9e9f0c7f-81c2-4e0b-98f9-91ba3e52c8ab	0.44375	70
9e9f0c7f-81c2-4e0b-98f9-91ba3e52c8ab	0.45	71
9e9f0c7f-81c2-4e0b-98f9-91ba3e52c8ab	0.45	71
9e9f0c7f-81c2-4e0b-98f9-91ba3e52c8ab	0.45	71
9e9f0c7f-81c2-4e0b-98f9-91ba3e52c8ab	0.45	71
9e9f0c7f-81c2-4e0b-98f9-91ba3e52c8ab	0.45	71
9e9f0c7f-81c2-4e0b-98f9-91ba3e52c8ab	0.45625	71
9e9f0c7f-81c2-4e0b-98f9-91ba3e52c8ab	0.45625	71
9e9f0c7f-81c2-4e0b-98f9-91ba3e52c8ab	0.45625	71
9e9f0c7f-81c2-4e0b-98f9-91ba3e52c8ab	0.45625	71
9e9f0c7f-81c2-4e0b-98f9-91ba3e52c8ab	0.45625	71
9e9f0c7f-81c2-4e0b-98f9-91ba3e52c8ab	0.45625	71
9e9f0c7f-81c2-4e0b-98f9-91ba3e52c8ab	0.45625	71
9e9f0c7f-81c2-4e0b-98f9-91ba3e52c8ab	0.45625	71
9e9f0c7f-81c2-4e0b-98f9-91ba3e52c8ab	0.45625	71
9e9f0c7f-81c2-4e0b-98f9-91ba3e52c8ab	0.45625	71
9e9f0c7f-81c2-4e0b-98f9-91ba3e52c8ab	0.45625	71
9e9f0c7f-81c2-4e0b-98f9-91ba3e52c8ab	0.45625	71
9e9f0c7f-81c2-4e0b-98f9-91ba3e52c8ab	0.45625	71
9e9f0c7f-81c2-4e0b-98f9-91ba3e52c8ab	0.45625	71
9e9f0c7f-81c2-4e0b-98f9-91ba3e52c8ab	0.45625	71
9e9f0c7f-81c2-4e0b-98f9-91ba3e52c8ab	0.45625	71
9e9f0c7f-81c2-4e0b-98f9-91ba3e52c8ab	0.45625	71
9e9f0c7f-81c2-4e0b-98f9-91ba3e52c8ab	0.45625	71
9e9f0c7f-81c2-4e0b-98f9-91ba3e52c8ab	0.45625	71
9e9f0c7f-81c2-4e0b-98f9-91ba3e52c8ab	0.45625	71
9e9f0c7f-81c2-4e0b-98f9-91ba3e52c8ab	0.45625	71
9e9f0c7f-81c2-4e0b-98f9-91ba3e52c8ab	0.45625	71
9e9f0c7f-81c2-4e0b-98f9-91ba3e52c8ab	0.45625	71
9e9f0c7f-81c2-4e0b-98f9-91ba3e52c8ab	0.45625	71
9e9f0c7f-81c2-4e0b-98f9-91ba3e52c8ab	0.45625	71
9e9f0c7f-81c2-4e0b-98f9-91ba3e52c8ab	0.45625	71
9e9f0c7f-81c2-4e0b-98f9-91ba3e52c8ab	0.45625	71
9e9f0c7f-81c2-4e0b-98f9-91ba3e52c8ab	0.45625	71
9e9f0c7f-81c2-4e0b-98f9-91ba3e52c8ab	0.45625	71
9e9f0c7f-81c2-4e0b-98f9-91ba3e52c8ab	0.45625	71
9e9f0c7f-81c2-4e0b-98f9-91ba3e52c8ab	0.45625	71
9e9f0c7f-81c2-4e0b-98f9-91ba3e52c8ab	0.45625	71
9e9f0c7f-81c2-4e0b-98f9-91ba3e52c8ab	0.45625	71
9e9f0c7f-81c2-4e0b-98f9-91ba3e52c8ab	0.45625	71
9e9f0c7f-81c2-4e0b-98f9-91ba3e52c8ab	0.45625	71
9e9f0c7f-81c2-4e0b-98f9-91ba3e52c8ab	0.45625	71
9e9f0c7f-81c2-4e0b-98f9-91ba3e52c8ab	0.45625	71
9e9f0c7f-81c2-4e0b-98f9-91ba3e52c8ab	0.45625	71
9e9f0c7f-81c2-4e0b-98f9-91ba3e52c8ab	0.45625	71
9e9f0c7f-81c2-4e0b-98f9-91ba3e52c8ab	0.4625	71
9e9f0c7f-81c2-4e0b-98f9-91ba3e52c8ab	0.4625	71
9e9f0c7f-81c2-4e0b-98f9-91ba3e52c8ab	0.4625	71
9e9f0c7f-81c2-4e0b-98f9-91ba3e52c8ab	0.4625	71
9e9f0c7f-81c2-4e0b-98f9-91ba3e52c8ab	0.4625	71
9e9f0c7f-81c2-4e0b-98f9-91ba3e52c8ab	0.4625	71
9e9f0c7f-81c2-4e0b-98f9-91ba3e52c8ab	0.4625	71
9e9f0c7f-81c2-4e0b-98f9-91ba3e52c8ab	0.4625	71
9e9f0c7f-81c2-4e0b-98f9-91ba3e52c8ab	0.4625	71
9e9f0c7f-81c2-4e0b-98f9-91ba3e52c8ab	0.4625	71
9e9f0c7f-81c2-4e0b-98f9-91ba3e52c8ab	0.4625	71
9e9f0c7f-81c2-4e0b-98f9-91ba3e52c8ab	0.4625	71
9e9f0c7f-81c2-4e0b-98f9-91ba3e52c8ab	0.4625	71
9e9f0c7f-81c2-4e0b-98f9-91ba3e52c8ab	0.4625	71
9e9f0c7f-81c2-4e0b-98f9-91ba3e52c8ab	0.4625	71
9e9f0c7f-81c2-4e0b-98f9-91ba3e52c8ab	0.4625	71
9e9f0c7f-81c2-4e0b-98f9-91ba3e52c8ab	0.4625	71
9e9f0c7f-81c2-4e0b-98f9-91ba3e52c8ab	0.4625	71
9e9f0c7f-81c2-4e0b-98f9-91ba3e52c8ab	0.4625	71
9e9f0c7f-81c2-4e0b-98f9-91ba3e52c8ab	0.4625	71
9e9f0c7f-81c2-4e0b-98f9-91ba3e52c8ab	0.4625	71
9e9f0c7f-81c2-4e0b-98f9-91ba3e52c8ab	0.4625	71
9e9f0c7f-81c2-4e0b-98f9-91ba3e52c8ab	0.4625	71
9e9f0c7f-81c2-4e0b-98f9-91ba3e52c8ab	0.4625	71
9e9f0c7f-81c2-4e0b-98f9-91ba3e52c8ab	0.4625	71
9e9f0c7f-81c2-4e0b-98f9-91ba3e52c8ab	0.4625	71
9e9f0c7f-81c2-4e0b-98f9-91ba3e52c8ab	0.4625	71
9e9f0c7f-81c2-4e0b-98f9-91ba3e52c8ab	0.4625	71
9e9f0c7f-81c2-4e0b-98f9-91ba3e52c8ab	0.4625	71
9e9f0c7f-81c2-4e0b-98f9-91ba3e52c8ab	0.4625	71
9e9f0c7f-81c2-4e0b-98f9-91ba3e52c8ab	0.4625	71
9e9f0c7f-81c2-4e0b-98f9-91ba3e52c8ab	0.4625	71
9e9f0c7f-81c2-4e0b-98f9-91ba3e52c8ab	0.4625	71
9e9f0c7f-81c2-4e0b-98f9-91ba3e52c8ab	0.4625	71
9e9f0c7f-81c2-4e0b-98f9-91ba3e52c8ab	0.4625	71
9e9f0c7f-81c2-4e0b-98f9-91ba3e52c8ab	0.4625	71
9e9f0c7f-81c2-4e0b-98f9-91ba3e52c8ab	0.4625	71
9e9f0c7f-81c2-4e0b-98f9-91ba3e52c8ab	0.4625	71
9e9f0c7f-81c2-4e0b-98f9-91ba3e52c8ab	0.4625	71
9e9f0c7f-81c2-4e0b-98f9-91ba3e52c8ab	0.4625	71
9e9f0c7f-81c2-4e0b-98f9-91ba3e52c8ab	0.4625	71
9e9f0c7f-81c2-4e0b-98f9-91ba3e52c8ab	0.4625	71
9e9f0c7f-81c2-4e0b-98f9-91ba3e52c8ab	0.4625	71
9e9f0c7f-81c2-4e0b-98f9-91ba3e52c8ab	0.4625	71
9e9f0c7f-81c2-4e0b-98f9-91ba3e52c8ab	0.4625	71
9e9f0c7f-81c2-4e0b-98f9-91ba3e52c8ab	0.4625	71
9e9f0c7f-81c2-4e0b-98f9-91ba3e52c8ab	0.4625	71
9e9f0c7f-81c2-4e0b-98f9-91ba3e52c8ab	0.4625	71
9e9f0c7f-81c2-4e0b-98f9-91ba3e52c8ab	0.4625	71
9e9f0c7f-81c2-4e0b-98f9-91ba3e52c8ab	0.4625	71
9e9f0c7f-81c2-4e0b-98f9-91ba3e52c8ab	0.4625	71
9e9f0c7f-81c2-4e0b-98f9-91ba3e52c8ab	0.4625	71
9e9f0c7f-81c2-4e0b-98f9-91ba3e52c8ab	0.4625	71
9e9f0c7f-81c2-4e0b-98f9-91ba3e52c8ab	0.4625	71
9e9f0c7f-81c2-4e0b-98f9-91ba3e52c8ab	0.4625	71
9e9f0c7f-81c2-4e0b-98f9-91ba3e52c8ab	0.4625	71
9e9f0c7f-81c2-4e0b-98f9-91ba3e52c8ab	0.4625	71
9e9f0c7f-81c2-4e0b-98f9-91ba3e52c8ab	0.4625	71
9e9f0c7f-81c2-4e0b-98f9-91ba3e52c8ab	0.4625	71
9e9f0c7f-81c2-4e0b-98f9-91ba3e52c8ab	0.4625	71
9e9f0c7f-81c2-4e0b-98f9-91ba3e52c8ab	0.4625	71
9e9f0c7f-81c2-4e0b-98f9-91ba3e52c8ab	0.4625	71
9e9f0c7f-81c2-4e0b-98f9-91ba3e52c8ab	0.4625	71
9e9f0c7f-81c2-4e0b-98f9-91ba3e52c8ab	0.4625	71
9e9f0c7f-81c2-4e0b-98f9-91ba3e52c8ab	0.4625	71
9e9f0c7f-81c2-4e0b-98f9-91ba3e52c8ab	0.4625	71
9e9f0c7f-81c2-4e0b-98f9-91ba3e52c8ab	0.4625	71
9e9f0c7f-81c2-4e0b-98f9-91ba3e52c8ab	0.4625	71
9e9f0c7f-81c2-4e0b-98f9-91ba3e52c8ab	0.4625	71
9e9f0c7f-81c2-4e0b-98f9-91ba3e52c8ab	0.4625	71
9e9f0c7f-81c2-4e0b-98f9-91ba3e52c8ab	0.4625	71
9e9f0c7f-81c2-4e0b-98f9-91ba3e52c8ab	0.4625	71
9e9f0c7f-81c2-4e0b-98f9-91ba3e52c8ab	0.4625	71
9e9f0c7f-81c2-4e0b-98f9-91ba3e52c8ab	0.4625	71
9e9f0c7f-81c2-4e0b-98f9-91ba3e52c8ab	0.4625	71
9e9f0c7f-81c2-4e0b-98f9-91ba3e52c8ab	0.4625	71
9e9f0c7f-81c2-4e0b-98f9-91ba3e52c8ab	0.4625	71
9e9f0c7f-81c2-4e0b-98f9-91ba3e52c8ab	0.4625	71
9e9f0c7f-81c2-4e0b-98f9-91ba3e52c8ab	0.4625	71
9e9f0c7f-81c2-4e0b-98f9-91ba3e52c8ab	0.4625	71
9e9f0c7f-81c2-4e0b-98f9-91ba3e52c8ab	0.4625	71
9e9f0c7f-81c2-4e0b-98f9-91ba3e52c8ab	0.4625	71
9e9f0c7f-81c2-4e0b-98f9-91ba3e52c8ab	0.4625	71
9e9f0c7f-81c2-4e0b-98f9-91ba3e52c8ab	0.4625	71
9e9f0c7f-81c2-4e0b-98f9-91ba3e52c8ab	0.4625	71
9e9f0c7f-81c2-4e0b-98f9-91ba3e52c8ab	0.4625	71
9e9f0c7f-81c2-4e0b-98f9-91ba3e52c8ab	0.4625	71
9e9f0c7f-81c2-4e0b-98f9-91ba3e52c8ab	0.4625	71
9e9f0c7f-81c2-4e0b-98f9-91ba3e52c8ab	0.4625	71
9e9f0c7f-81c2-4e0b-98f9-91ba3e52c8ab	0.4625	71
9e9f0c7f-81c2-4e0b-98f9-91ba3e52c8ab	0.4625	71
9e9f0c7f-81c2-4e0b-98f9-91ba3e52c8ab	0.4625	71
9e9f0c7f-81c2-4e0b-98f9-91ba3e52c8ab	0.4625	71
9e9f0c7f-81c2-4e0b-98f9-91ba3e52c8ab	0.4625	71
9e9f0c7f-81c2-4e0b-98f9-91ba3e52c8ab	0.4625	71
9e9f0c7f-81c2-4e0b-98f9-91ba3e52c8ab	0.46875	72
9e9f0c7f-81c2-4e0b-98f9-91ba3e52c8ab	0.46875	72
9e9f0c7f-81c2-4e0b-98f9-91ba3e52c8ab	0.46875	72
9e9f0c7f-81c2-4e0b-98f9-91ba3e52c8ab	0.46875	72
9e9f0c7f-81c2-4e0b-98f9-91ba3e52c8ab	0.46875	72
9e9f0c7f-81c2-4e0b-98f9-91ba3e52c8ab	0.46875	72
9e9f0c7f-81c2-4e0b-98f9-91ba3e52c8ab	0.46875	72
9e9f0c7f-81c2-4e0b-98f9-91ba3e52c8ab	0.46875	72
9e9f0c7f-81c2-4e0b-98f9-91ba3e52c8ab	0.46875	72
9e9f0c7f-81c2-4e0b-98f9-91ba3e52c8ab	0.46875	72
9e9f0c7f-81c2-4e0b-98f9-91ba3e52c8ab	0.46875	72
9e9f0c7f-81c2-4e0b-98f9-91ba3e52c8ab	0.46875	72
9e9f0c7f-81c2-4e0b-98f9-91ba3e52c8ab	0.46875	72
9e9f0c7f-81c2-4e0b-98f9-91ba3e52c8ab	0.46875	72
9e9f0c7f-81c2-4e0b-98f9-91ba3e52c8ab	0.46875	72
9e9f0c7f-81c2-4e0b-98f9-91ba3e52c8ab	0.46875	72
9e9f0c7f-81c2-4e0b-98f9-91ba3e52c8ab	0.475	73
9e9f0c7f-81c2-4e0b-98f9-91ba3e52c8ab	0.475	73
9e9f0c7f-81c2-4e0b-98f9-91ba3e52c8ab	0.475	73
9e9f0c7f-81c2-4e0b-98f9-91ba3e52c8ab	0.475	73
9e9f0c7f-81c2-4e0b-98f9-91ba3e52c8ab	0.475	73
9e9f0c7f-81c2-4e0b-98f9-91ba3e52c8ab	0.475	73
9e9f0c7f-81c2-4e0b-98f9-91ba3e52c8ab	0.475	73
9e9f0c7f-81c2-4e0b-98f9-91ba3e52c8ab	0.475	73
9e9f0c7f-81c2-4e0b-98f9-91ba3e52c8ab	0.475	73
9e9f0c7f-81c2-4e0b-98f9-91ba3e52c8ab	0.475	73
9e9f0c7f-81c2-4e0b-98f9-91ba3e52c8ab	0.475	73
9e9f0c7f-81c2-4e0b-98f9-91ba3e52c8ab	0.475	73
9e9f0c7f-81c2-4e0b-98f9-91ba3e52c8ab	0.475	73
9e9f0c7f-81c2-4e0b-98f9-91ba3e52c8ab	0.48125	74
9e9f0c7f-81c2-4e0b-98f9-91ba3e52c8ab	0.48125	74
9e9f0c7f-81c2-4e0b-98f9-91ba3e52c8ab	0.48125	74
9e9f0c7f-81c2-4e0b-98f9-91ba3e52c8ab	0.48125	74
9e9f0c7f-81c2-4e0b-98f9-91ba3e52c8ab	0.48125	74
9e9f0c7f-81c2-4e0b-98f9-91ba3e52c8ab	0.48125	74
9e9f0c7f-81c2-4e0b-98f9-91ba3e52c8ab	0.48125	74
9e9f0c7f-81c2-4e0b-98f9-91ba3e52c8ab	0.48125	74
9e9f0c7f-81c2-4e0b-98f9-91ba3e52c8ab	0.48125	74
9e9f0c7f-81c2-4e0b-98f9-91ba3e52c8ab	0.48125	74
9e9f0c7f-81c2-4e0b-98f9-91ba3e52c8ab	0.48125	74
9e9f0c7f-81c2-4e0b-98f9-91ba3e52c8ab	0.48125	74
9e9f0c7f-81c2-4e0b-98f9-91ba3e52c8ab	0.48125	74
9e9f0c7f-81c2-4e0b-98f9-91ba3e52c8ab	0.48125	74
9e9f0c7f-81c2-4e0b-98f9-91ba3e52c8ab	0.48125	74
9e9f0c7f-81c2-4e0b-98f9-91ba3e52c8ab	0.48125	74
9e9f0c7f-81c2-4e0b-98f9-91ba3e52c8ab	0.48125	74
9e9f0c7f-81c2-4e0b-98f9-91ba3e52c8ab	0.48125	74
9e9f0c7f-81c2-4e0b-98f9-91ba3e52c8ab	0.48125	74
9e9f0c7f-81c2-4e0b-98f9-91ba3e52c8ab	0.48125	74
9e9f0c7f-81c2-4e0b-98f9-91ba3e52c8ab	0.48125	74
9e9f0c7f-81c2-4e0b-98f9-91ba3e52c8ab	0.48125	74
9e9f0c7f-81c2-4e0b-98f9-91ba3e52c8ab	0.48125	74
9e9f0c7f-81c2-4e0b-98f9-91ba3e52c8ab	0.48125	74
9e9f0c7f-81c2-4e0b-98f9-91ba3e52c8ab	0.48125	74
9e9f0c7f-81c2-4e0b-98f9-91ba3e52c8ab	0.48125	74
9e9f0c7f-81c2-4e0b-98f9-91ba3e52c8ab	0.4875	74
9e9f0c7f-81c2-4e0b-98f9-91ba3e52c8ab	0.4875	74
9e9f0c7f-81c2-4e0b-98f9-91ba3e52c8ab	0.4875	74
9e9f0c7f-81c2-4e0b-98f9-91ba3e52c8ab	0.4875	74
9e9f0c7f-81c2-4e0b-98f9-91ba3e52c8ab	0.4875	74
9e9f0c7f-81c2-4e0b-98f9-91ba3e52c8ab	0.4875	74
9e9f0c7f-81c2-4e0b-98f9-91ba3e52c8ab	0.4875	74
9e9f0c7f-81c2-4e0b-98f9-91ba3e52c8ab	0.4875	74
9e9f0c7f-81c2-4e0b-98f9-91ba3e52c8ab	0.4875	74
9e9f0c7f-81c2-4e0b-98f9-91ba3e52c8ab	0.4875	74
9e9f0c7f-81c2-4e0b-98f9-91ba3e52c8ab	0.4875	74
9e9f0c7f-81c2-4e0b-98f9-91ba3e52c8ab	0.4875	74
9e9f0c7f-81c2-4e0b-98f9-91ba3e52c8ab	0.4875	74
9e9f0c7f-81c2-4e0b-98f9-91ba3e52c8ab	0.4875	74
9e9f0c7f-81c2-4e0b-98f9-91ba3e52c8ab	0.4875	74
9e9f0c7f-81c2-4e0b-98f9-91ba3e52c8ab	0.4875	74
9e9f0c7f-81c2-4e0b-98f9-91ba3e52c8ab	0.4875	74
9e9f0c7f-81c2-4e0b-98f9-91ba3e52c8ab	0.4875	74
9e9f0c7f-81c2-4e0b-98f9-91ba3e52c8ab	0.4875	74
9e9f0c7f-81c2-4e0b-98f9-91ba3e52c8ab	0.4875	74
9e9f0c7f-81c2-4e0b-98f9-91ba3e52c8ab	0.4875	74
9e9f0c7f-81c2-4e0b-98f9-91ba3e52c8ab	0.4875	74
9e9f0c7f-81c2-4e0b-98f9-91ba3e52c8ab	0.4875	74
9e9f0c7f-81c2-4e0b-98f9-91ba3e52c8ab	0.4875	74
9e9f0c7f-81c2-4e0b-98f9-91ba3e52c8ab	0.49375	74
9e9f0c7f-81c2-4e0b-98f9-91ba3e52c8ab	0.49375	74
9e9f0c7f-81c2-4e0b-98f9-91ba3e52c8ab	0.49375	74
9e9f0c7f-81c2-4e0b-98f9-91ba3e52c8ab	0.49375	74
9e9f0c7f-81c2-4e0b-98f9-91ba3e52c8ab	0.49375	74
9e9f0c7f-81c2-4e0b-98f9-91ba3e52c8ab	0.49375	74
9e9f0c7f-81c2-4e0b-98f9-91ba3e52c8ab	0.49375	74
9e9f0c7f-81c2-4e0b-98f9-91ba3e52c8ab	0.49375	74
9e9f0c7f-81c2-4e0b-98f9-91ba3e52c8ab	0.49375	74
9e9f0c7f-81c2-4e0b-98f9-91ba3e52c8ab	0.49375	74
9e9f0c7f-81c2-4e0b-98f9-91ba3e52c8ab	0.49375	74
9e9f0c7f-81c2-4e0b-98f9-91ba3e52c8ab	0.49375	74
9e9f0c7f-81c2-4e0b-98f9-91ba3e52c8ab	0.5	74
9e9f0c7f-81c2-4e0b-98f9-91ba3e52c8ab	0.5	74
9e9f0c7f-81c2-4e0b-98f9-91ba3e52c8ab	0.5	74
9e9f0c7f-81c2-4e0b-98f9-91ba3e52c8ab	0.5	74
9e9f0c7f-81c2-4e0b-98f9-91ba3e52c8ab	0.5	74
9e9f0c7f-81c2-4e0b-98f9-91ba3e52c8ab	0.50625	74
9e9f0c7f-81c2-4e0b-98f9-91ba3e52c8ab	0.50625	74
9e9f0c7f-81c2-4e0b-98f9-91ba3e52c8ab	0.50625	74
9e9f0c7f-81c2-4e0b-98f9-91ba3e52c8ab	0.50625	74
9e9f0c7f-81c2-4e0b-98f9-91ba3e52c8ab	0.50625	74
9e9f0c7f-81c2-4e0b-98f9-91ba3e52c8ab	0.50625	74
9e9f0c7f-81c2-4e0b-98f9-91ba3e52c8ab	0.50625	74
9e9f0c7f-81c2-4e0b-98f9-91ba3e52c8ab	0.50625	74
9e9f0c7f-81c2-4e0b-98f9-91ba3e52c8ab	0.50625	74
9e9f0c7f-81c2-4e0b-98f9-91ba3e52c8ab	0.50625	74
9e9f0c7f-81c2-4e0b-98f9-91ba3e52c8ab	0.50625	74
9e9f0c7f-81c2-4e0b-98f9-91ba3e52c8ab	0.50625	74
9e9f0c7f-81c2-4e0b-98f9-91ba3e52c8ab	0.50625	74
9e9f0c7f-81c2-4e0b-98f9-91ba3e52c8ab	0.50625	74
9e9f0c7f-81c2-4e0b-98f9-91ba3e52c8ab	0.50625	74
9e9f0c7f-81c2-4e0b-98f9-91ba3e52c8ab	0.50625	74
9e9f0c7f-81c2-4e0b-98f9-91ba3e52c8ab	0.50625	74
9e9f0c7f-81c2-4e0b-98f9-91ba3e52c8ab	0.50625	74
9e9f0c7f-81c2-4e0b-98f9-91ba3e52c8ab	0.50625	74
9e9f0c7f-81c2-4e0b-98f9-91ba3e52c8ab	0.50625	74
9e9f0c7f-81c2-4e0b-98f9-91ba3e52c8ab	0.50625	74
9e9f0c7f-81c2-4e0b-98f9-91ba3e52c8ab	0.50625	74
9e9f0c7f-81c2-4e0b-98f9-91ba3e52c8ab	0.50625	74
9e9f0c7f-81c2-4e0b-98f9-91ba3e52c8ab	0.50625	74
9e9f0c7f-81c2-4e0b-98f9-91ba3e52c8ab	0.50625	74
9e9f0c7f-81c2-4e0b-98f9-91ba3e52c8ab	0.50625	74
9e9f0c7f-81c2-4e0b-98f9-91ba3e52c8ab	0.50625	74
9e9f0c7f-81c2-4e0b-98f9-91ba3e52c8ab	0.50625	74
9e9f0c7f-81c2-4e0b-98f9-91ba3e52c8ab	0.50625	74
9e9f0c7f-81c2-4e0b-98f9-91ba3e52c8ab	0.50625	74
9e9f0c7f-81c2-4e0b-98f9-91ba3e52c8ab	0.50625	74
9e9f0c7f-81c2-4e0b-98f9-91ba3e52c8ab	0.5125	75
9e9f0c7f-81c2-4e0b-98f9-91ba3e52c8ab	0.5125	75
9e9f0c7f-81c2-4e0b-98f9-91ba3e52c8ab	0.5125	75
9e9f0c7f-81c2-4e0b-98f9-91ba3e52c8ab	0.5125	75
9e9f0c7f-81c2-4e0b-98f9-91ba3e52c8ab	0.5125	75
9e9f0c7f-81c2-4e0b-98f9-91ba3e52c8ab	0.51875	76
9e9f0c7f-81c2-4e0b-98f9-91ba3e52c8ab	0.525	76
9e9f0c7f-81c2-4e0b-98f9-91ba3e52c8ab	0.525	76
9e9f0c7f-81c2-4e0b-98f9-91ba3e52c8ab	0.525	76
9e9f0c7f-81c2-4e0b-98f9-91ba3e52c8ab	0.525	76
9e9f0c7f-81c2-4e0b-98f9-91ba3e52c8ab	0.525	76
9e9f0c7f-81c2-4e0b-98f9-91ba3e52c8ab	0.525	76
9e9f0c7f-81c2-4e0b-98f9-91ba3e52c8ab	0.525	76
9e9f0c7f-81c2-4e0b-98f9-91ba3e52c8ab	0.525	76
9e9f0c7f-81c2-4e0b-98f9-91ba3e52c8ab	0.525	76
9e9f0c7f-81c2-4e0b-98f9-91ba3e52c8ab	0.525	76
9e9f0c7f-81c2-4e0b-98f9-91ba3e52c8ab	0.525	76
9e9f0c7f-81c2-4e0b-98f9-91ba3e52c8ab	0.525	76
9e9f0c7f-81c2-4e0b-98f9-91ba3e52c8ab	0.525	76
9e9f0c7f-81c2-4e0b-98f9-91ba3e52c8ab	0.525	76
9e9f0c7f-81c2-4e0b-98f9-91ba3e52c8ab	0.525	76
9e9f0c7f-81c2-4e0b-98f9-91ba3e52c8ab	0.525	76
9e9f0c7f-81c2-4e0b-98f9-91ba3e52c8ab	0.525	76
9e9f0c7f-81c2-4e0b-98f9-91ba3e52c8ab	0.525	76
9e9f0c7f-81c2-4e0b-98f9-91ba3e52c8ab	0.525	76
9e9f0c7f-81c2-4e0b-98f9-91ba3e52c8ab	0.525	76
9e9f0c7f-81c2-4e0b-98f9-91ba3e52c8ab	0.525	76
9e9f0c7f-81c2-4e0b-98f9-91ba3e52c8ab	0.525	76
9e9f0c7f-81c2-4e0b-98f9-91ba3e52c8ab	0.525	76
9e9f0c7f-81c2-4e0b-98f9-91ba3e52c8ab	0.525	76
9e9f0c7f-81c2-4e0b-98f9-91ba3e52c8ab	0.525	76
9e9f0c7f-81c2-4e0b-98f9-91ba3e52c8ab	0.525	76
9e9f0c7f-81c2-4e0b-98f9-91ba3e52c8ab	0.525	76
9e9f0c7f-81c2-4e0b-98f9-91ba3e52c8ab	0.525	76
9e9f0c7f-81c2-4e0b-98f9-91ba3e52c8ab	0.525	76
9e9f0c7f-81c2-4e0b-98f9-91ba3e52c8ab	0.525	76
9e9f0c7f-81c2-4e0b-98f9-91ba3e52c8ab	0.525	76
9e9f0c7f-81c2-4e0b-98f9-91ba3e52c8ab	0.525	76
9e9f0c7f-81c2-4e0b-98f9-91ba3e52c8ab	0.525	76
9e9f0c7f-81c2-4e0b-98f9-91ba3e52c8ab	0.525	76
9e9f0c7f-81c2-4e0b-98f9-91ba3e52c8ab	0.525	76
9e9f0c7f-81c2-4e0b-98f9-91ba3e52c8ab	0.525	76
9e9f0c7f-81c2-4e0b-98f9-91ba3e52c8ab	0.525	76
9e9f0c7f-81c2-4e0b-98f9-91ba3e52c8ab	0.525	76
9e9f0c7f-81c2-4e0b-98f9-91ba3e52c8ab	0.525	76
9e9f0c7f-81c2-4e0b-98f9-91ba3e52c8ab	0.525	76
9e9f0c7f-81c2-4e0b-98f9-91ba3e52c8ab	0.525	76
9e9f0c7f-81c2-4e0b-98f9-91ba3e52c8ab	0.525	76
9e9f0c7f-81c2-4e0b-98f9-91ba3e52c8ab	0.525	76
9e9f0c7f-81c2-4e0b-98f9-91ba3e52c8ab	0.525	76
9e9f0c7f-81c2-4e0b-98f9-91ba3e52c8ab	0.525	76
9e9f0c7f-81c2-4e0b-98f9-91ba3e52c8ab	0.525	76
9e9f0c7f-81c2-4e0b-98f9-91ba3e52c8ab	0.525	76
9e9f0c7f-81c2-4e0b-98f9-91ba3e52c8ab	0.525	76
9e9f0c7f-81c2-4e0b-98f9-91ba3e52c8ab	0.525	76
9e9f0c7f-81c2-4e0b-98f9-91ba3e52c8ab	0.525	76
9e9f0c7f-81c2-4e0b-98f9-91ba3e52c8ab	0.525	76
9e9f0c7f-81c2-4e0b-98f9-91ba3e52c8ab	0.525	76
9e9f0c7f-81c2-4e0b-98f9-91ba3e52c8ab	0.525	76
9e9f0c7f-81c2-4e0b-98f9-91ba3e52c8ab	0.525	76
9e9f0c7f-81c2-4e0b-98f9-91ba3e52c8ab	0.525	76
9e9f0c7f-81c2-4e0b-98f9-91ba3e52c8ab	0.525	76
9e9f0c7f-81c2-4e0b-98f9-91ba3e52c8ab	0.525	76
9e9f0c7f-81c2-4e0b-98f9-91ba3e52c8ab	0.525	76
9e9f0c7f-81c2-4e0b-98f9-91ba3e52c8ab	0.525	76
9e9f0c7f-81c2-4e0b-98f9-91ba3e52c8ab	0.525	76
9e9f0c7f-81c2-4e0b-98f9-91ba3e52c8ab	0.525	76
9e9f0c7f-81c2-4e0b-98f9-91ba3e52c8ab	0.525	76
9e9f0c7f-81c2-4e0b-98f9-91ba3e52c8ab	0.525	76
9e9f0c7f-81c2-4e0b-98f9-91ba3e52c8ab	0.525	76
9e9f0c7f-81c2-4e0b-98f9-91ba3e52c8ab	0.525	76
9e9f0c7f-81c2-4e0b-98f9-91ba3e52c8ab	0.525	76
9e9f0c7f-81c2-4e0b-98f9-91ba3e52c8ab	0.525	76
9e9f0c7f-81c2-4e0b-98f9-91ba3e52c8ab	0.525	76
9e9f0c7f-81c2-4e0b-98f9-91ba3e52c8ab	0.525	76
9e9f0c7f-81c2-4e0b-98f9-91ba3e52c8ab	0.525	76
9e9f0c7f-81c2-4e0b-98f9-91ba3e52c8ab	0.525	76
9e9f0c7f-81c2-4e0b-98f9-91ba3e52c8ab	0.525	76
9e9f0c7f-81c2-4e0b-98f9-91ba3e52c8ab	0.525	76
9e9f0c7f-81c2-4e0b-98f9-91ba3e52c8ab	0.525	76
9e9f0c7f-81c2-4e0b-98f9-91ba3e52c8ab	0.525	76
9e9f0c7f-81c2-4e0b-98f9-91ba3e52c8ab	0.525	76
9e9f0c7f-81c2-4e0b-98f9-91ba3e52c8ab	0.525	76
9e9f0c7f-81c2-4e0b-98f9-91ba3e52c8ab	0.525	76
9e9f0c7f-81c2-4e0b-98f9-91ba3e52c8ab	0.525	76
9e9f0c7f-81c2-4e0b-98f9-91ba3e52c8ab	0.525	76
9e9f0c7f-81c2-4e0b-98f9-91ba3e52c8ab	0.525	76
9e9f0c7f-81c2-4e0b-98f9-91ba3e52c8ab	0.525	76
9e9f0c7f-81c2-4e0b-98f9-91ba3e52c8ab	0.525	76
9e9f0c7f-81c2-4e0b-98f9-91ba3e52c8ab	0.525	76
9e9f0c7f-81c2-4e0b-98f9-91ba3e52c8ab	0.525	76
9e9f0c7f-81c2-4e0b-98f9-91ba3e52c8ab	0.525	76
9e9f0c7f-81c2-4e0b-98f9-91ba3e52c8ab	0.525	76
9e9f0c7f-81c2-4e0b-98f9-91ba3e52c8ab	0.525	76
9e9f0c7f-81c2-4e0b-98f9-91ba3e52c8ab	0.525	76
9e9f0c7f-81c2-4e0b-98f9-91ba3e52c8ab	0.525	76
9e9f0c7f-81c2-4e0b-98f9-91ba3e52c8ab	0.525	76
9e9f0c7f-81c2-4e0b-98f9-91ba3e52c8ab	0.53125	76
9e9f0c7f-81c2-4e0b-98f9-91ba3e52c8ab	0.53125	76
9e9f0c7f-81c2-4e0b-98f9-91ba3e52c8ab	0.53125	76
9e9f0c7f-81c2-4e0b-98f9-91ba3e52c8ab	0.53125	76
9e9f0c7f-81c2-4e0b-98f9-91ba3e52c8ab	0.53125	76
9e9f0c7f-81c2-4e0b-98f9-91ba3e52c8ab	0.53125	76
9e9f0c7f-81c2-4e0b-98f9-91ba3e52c8ab	0.53125	76
9e9f0c7f-81c2-4e0b-98f9-91ba3e52c8ab	0.53125	76
9e9f0c7f-81c2-4e0b-98f9-91ba3e52c8ab	0.53125	76
9e9f0c7f-81c2-4e0b-98f9-91ba3e52c8ab	0.53125	76
9e9f0c7f-81c2-4e0b-98f9-91ba3e52c8ab	0.53125	76
9e9f0c7f-81c2-4e0b-98f9-91ba3e52c8ab	0.5375	76
9e9f0c7f-81c2-4e0b-98f9-91ba3e52c8ab	0.54375	77
9e9f0c7f-81c2-4e0b-98f9-91ba3e52c8ab	0.54375	77
9e9f0c7f-81c2-4e0b-98f9-91ba3e52c8ab	0.54375	77
9e9f0c7f-81c2-4e0b-98f9-91ba3e52c8ab	0.54375	77
9e9f0c7f-81c2-4e0b-98f9-91ba3e52c8ab	0.54375	77
9e9f0c7f-81c2-4e0b-98f9-91ba3e52c8ab	0.54375	77
9e9f0c7f-81c2-4e0b-98f9-91ba3e52c8ab	0.54375	77
9e9f0c7f-81c2-4e0b-98f9-91ba3e52c8ab	0.54375	77
9e9f0c7f-81c2-4e0b-98f9-91ba3e52c8ab	0.54375	77
9e9f0c7f-81c2-4e0b-98f9-91ba3e52c8ab	0.54375	77
9e9f0c7f-81c2-4e0b-98f9-91ba3e52c8ab	0.54375	77
9e9f0c7f-81c2-4e0b-98f9-91ba3e52c8ab	0.54375	77
9e9f0c7f-81c2-4e0b-98f9-91ba3e52c8ab	0.54375	77
9e9f0c7f-81c2-4e0b-98f9-91ba3e52c8ab	0.54375	77
9e9f0c7f-81c2-4e0b-98f9-91ba3e52c8ab	0.54375	77
9e9f0c7f-81c2-4e0b-98f9-91ba3e52c8ab	0.54375	77
9e9f0c7f-81c2-4e0b-98f9-91ba3e52c8ab	0.54375	77
9e9f0c7f-81c2-4e0b-98f9-91ba3e52c8ab	0.54375	77
9e9f0c7f-81c2-4e0b-98f9-91ba3e52c8ab	0.55	78
9e9f0c7f-81c2-4e0b-98f9-91ba3e52c8ab	0.55	78
9e9f0c7f-81c2-4e0b-98f9-91ba3e52c8ab	0.55	78
9e9f0c7f-81c2-4e0b-98f9-91ba3e52c8ab	0.55	78
9e9f0c7f-81c2-4e0b-98f9-91ba3e52c8ab	0.55	78
9e9f0c7f-81c2-4e0b-98f9-91ba3e52c8ab	0.55	78
9e9f0c7f-81c2-4e0b-98f9-91ba3e52c8ab	0.55	78
9e9f0c7f-81c2-4e0b-98f9-91ba3e52c8ab	0.55	78
9e9f0c7f-81c2-4e0b-98f9-91ba3e52c8ab	0.55	78
9e9f0c7f-81c2-4e0b-98f9-91ba3e52c8ab	0.55	78
9e9f0c7f-81c2-4e0b-98f9-91ba3e52c8ab	0.55	78
9e9f0c7f-81c2-4e0b-98f9-91ba3e52c8ab	0.55	78
9e9f0c7f-81c2-4e0b-98f9-91ba3e52c8ab	0.55	78
9e9f0c7f-81c2-4e0b-98f9-91ba3e52c8ab	0.55	78
9e9f0c7f-81c2-4e0b-98f9-91ba3e52c8ab	0.55	78
9e9f0c7f-81c2-4e0b-98f9-91ba3e52c8ab	0.55	78
9e9f0c7f-81c2-4e0b-98f9-91ba3e52c8ab	0.55	78
9e9f0c7f-81c2-4e0b-98f9-91ba3e52c8ab	0.55	78
9e9f0c7f-81c2-4e0b-98f9-91ba3e52c8ab	0.55	78
9e9f0c7f-81c2-4e0b-98f9-91ba3e52c8ab	0.55	78
9e9f0c7f-81c2-4e0b-98f9-91ba3e52c8ab	0.55	78
9e9f0c7f-81c2-4e0b-98f9-91ba3e52c8ab	0.55	78
9e9f0c7f-81c2-4e0b-98f9-91ba3e52c8ab	0.55	78
9e9f0c7f-81c2-4e0b-98f9-91ba3e52c8ab	0.55	78
9e9f0c7f-81c2-4e0b-98f9-91ba3e52c8ab	0.55	78
9e9f0c7f-81c2-4e0b-98f9-91ba3e52c8ab	0.55	78
9e9f0c7f-81c2-4e0b-98f9-91ba3e52c8ab	0.55	78
9e9f0c7f-81c2-4e0b-98f9-91ba3e52c8ab	0.55	78
9e9f0c7f-81c2-4e0b-98f9-91ba3e52c8ab	0.55	78
9e9f0c7f-81c2-4e0b-98f9-91ba3e52c8ab	0.55	78
9e9f0c7f-81c2-4e0b-98f9-91ba3e52c8ab	0.55	78
9e9f0c7f-81c2-4e0b-98f9-91ba3e52c8ab	0.55	78
9e9f0c7f-81c2-4e0b-98f9-91ba3e52c8ab	0.55	78
9e9f0c7f-81c2-4e0b-98f9-91ba3e52c8ab	0.55	78
9e9f0c7f-81c2-4e0b-98f9-91ba3e52c8ab	0.55	78
9e9f0c7f-81c2-4e0b-98f9-91ba3e52c8ab	0.55	78
9e9f0c7f-81c2-4e0b-98f9-91ba3e52c8ab	0.55	78
9e9f0c7f-81c2-4e0b-98f9-91ba3e52c8ab	0.55	78
9e9f0c7f-81c2-4e0b-98f9-91ba3e52c8ab	0.55	78
9e9f0c7f-81c2-4e0b-98f9-91ba3e52c8ab	0.55	78
9e9f0c7f-81c2-4e0b-98f9-91ba3e52c8ab	0.55	78
9e9f0c7f-81c2-4e0b-98f9-91ba3e52c8ab	0.55	78
9e9f0c7f-81c2-4e0b-98f9-91ba3e52c8ab	0.55	78
9e9f0c7f-81c2-4e0b-98f9-91ba3e52c8ab	0.55	78
9e9f0c7f-81c2-4e0b-98f9-91ba3e52c8ab	0.55	78
9e9f0c7f-81c2-4e0b-98f9-91ba3e52c8ab	0.55	78
9e9f0c7f-81c2-4e0b-98f9-91ba3e52c8ab	0.55	78
9e9f0c7f-81c2-4e0b-98f9-91ba3e52c8ab	0.55	78
9e9f0c7f-81c2-4e0b-98f9-91ba3e52c8ab	0.55	78
9e9f0c7f-81c2-4e0b-98f9-91ba3e52c8ab	0.55	78
9e9f0c7f-81c2-4e0b-98f9-91ba3e52c8ab	0.55	78
9e9f0c7f-81c2-4e0b-98f9-91ba3e52c8ab	0.55	78
9e9f0c7f-81c2-4e0b-98f9-91ba3e52c8ab	0.55	78
9e9f0c7f-81c2-4e0b-98f9-91ba3e52c8ab	0.55	78
9e9f0c7f-81c2-4e0b-98f9-91ba3e52c8ab	0.55	78
9e9f0c7f-81c2-4e0b-98f9-91ba3e52c8ab	0.55	78
9e9f0c7f-81c2-4e0b-98f9-91ba3e52c8ab	0.55	78
9e9f0c7f-81c2-4e0b-98f9-91ba3e52c8ab	0.55	78
9e9f0c7f-81c2-4e0b-98f9-91ba3e52c8ab	0.55	78
9e9f0c7f-81c2-4e0b-98f9-91ba3e52c8ab	0.55	78
9e9f0c7f-81c2-4e0b-98f9-91ba3e52c8ab	0.55625	78
9e9f0c7f-81c2-4e0b-98f9-91ba3e52c8ab	0.55625	78
9e9f0c7f-81c2-4e0b-98f9-91ba3e52c8ab	0.55625	78
9e9f0c7f-81c2-4e0b-98f9-91ba3e52c8ab	0.55625	78
9e9f0c7f-81c2-4e0b-98f9-91ba3e52c8ab	0.55625	78
9e9f0c7f-81c2-4e0b-98f9-91ba3e52c8ab	0.55625	78
9e9f0c7f-81c2-4e0b-98f9-91ba3e52c8ab	0.55625	78
9e9f0c7f-81c2-4e0b-98f9-91ba3e52c8ab	0.55625	78
9e9f0c7f-81c2-4e0b-98f9-91ba3e52c8ab	0.55625	78
9e9f0c7f-81c2-4e0b-98f9-91ba3e52c8ab	0.55625	78
9e9f0c7f-81c2-4e0b-98f9-91ba3e52c8ab	0.55625	78
9e9f0c7f-81c2-4e0b-98f9-91ba3e52c8ab	0.55625	78
9e9f0c7f-81c2-4e0b-98f9-91ba3e52c8ab	0.55625	78
9e9f0c7f-81c2-4e0b-98f9-91ba3e52c8ab	0.55625	78
9e9f0c7f-81c2-4e0b-98f9-91ba3e52c8ab	0.55625	78
9e9f0c7f-81c2-4e0b-98f9-91ba3e52c8ab	0.55625	78
9e9f0c7f-81c2-4e0b-98f9-91ba3e52c8ab	0.5625	78
9e9f0c7f-81c2-4e0b-98f9-91ba3e52c8ab	0.5625	78
9e9f0c7f-81c2-4e0b-98f9-91ba3e52c8ab	0.5625	78
9e9f0c7f-81c2-4e0b-98f9-91ba3e52c8ab	0.5625	78
9e9f0c7f-81c2-4e0b-98f9-91ba3e52c8ab	0.5625	78
9e9f0c7f-81c2-4e0b-98f9-91ba3e52c8ab	0.5625	78
9e9f0c7f-81c2-4e0b-98f9-91ba3e52c8ab	0.5625	78
9e9f0c7f-81c2-4e0b-98f9-91ba3e52c8ab	0.5625	78
9e9f0c7f-81c2-4e0b-98f9-91ba3e52c8ab	0.5625	78
9e9f0c7f-81c2-4e0b-98f9-91ba3e52c8ab	0.5625	78
9e9f0c7f-81c2-4e0b-98f9-91ba3e52c8ab	0.5625	78
9e9f0c7f-81c2-4e0b-98f9-91ba3e52c8ab	0.56875	78
9e9f0c7f-81c2-4e0b-98f9-91ba3e52c8ab	0.56875	78
9e9f0c7f-81c2-4e0b-98f9-91ba3e52c8ab	0.56875	78
9e9f0c7f-81c2-4e0b-98f9-91ba3e52c8ab	0.56875	78
9e9f0c7f-81c2-4e0b-98f9-91ba3e52c8ab	0.56875	78
9e9f0c7f-81c2-4e0b-98f9-91ba3e52c8ab	0.56875	78
9e9f0c7f-81c2-4e0b-98f9-91ba3e52c8ab	0.56875	78
9e9f0c7f-81c2-4e0b-98f9-91ba3e52c8ab	0.56875	78
9e9f0c7f-81c2-4e0b-98f9-91ba3e52c8ab	0.56875	78
9e9f0c7f-81c2-4e0b-98f9-91ba3e52c8ab	0.56875	78
9e9f0c7f-81c2-4e0b-98f9-91ba3e52c8ab	0.56875	78
9e9f0c7f-81c2-4e0b-98f9-91ba3e52c8ab	0.56875	78
9e9f0c7f-81c2-4e0b-98f9-91ba3e52c8ab	0.56875	78
9e9f0c7f-81c2-4e0b-98f9-91ba3e52c8ab	0.56875	78
9e9f0c7f-81c2-4e0b-98f9-91ba3e52c8ab	0.56875	78
9e9f0c7f-81c2-4e0b-98f9-91ba3e52c8ab	0.56875	78
9e9f0c7f-81c2-4e0b-98f9-91ba3e52c8ab	0.56875	78
9e9f0c7f-81c2-4e0b-98f9-91ba3e52c8ab	0.56875	78
9e9f0c7f-81c2-4e0b-98f9-91ba3e52c8ab	0.56875	78
9e9f0c7f-81c2-4e0b-98f9-91ba3e52c8ab	0.56875	78
9e9f0c7f-81c2-4e0b-98f9-91ba3e52c8ab	0.56875	78
9e9f0c7f-81c2-4e0b-98f9-91ba3e52c8ab	0.56875	78
9e9f0c7f-81c2-4e0b-98f9-91ba3e52c8ab	0.56875	78
9e9f0c7f-81c2-4e0b-98f9-91ba3e52c8ab	0.56875	78
9e9f0c7f-81c2-4e0b-98f9-91ba3e52c8ab	0.56875	78
9e9f0c7f-81c2-4e0b-98f9-91ba3e52c8ab	0.56875	78
9e9f0c7f-81c2-4e0b-98f9-91ba3e52c8ab	0.56875	78
9e9f0c7f-81c2-4e0b-98f9-91ba3e52c8ab	0.56875	78
9e9f0c7f-81c2-4e0b-98f9-91ba3e52c8ab	0.575	78
9e9f0c7f-81c2-4e0b-98f9-91ba3e52c8ab	0.575	78
9e9f0c7f-81c2-4e0b-98f9-91ba3e52c8ab	0.575	78
9e9f0c7f-81c2-4e0b-98f9-91ba3e52c8ab	0.575	78
9e9f0c7f-81c2-4e0b-98f9-91ba3e52c8ab	0.575	78
9e9f0c7f-81c2-4e0b-98f9-91ba3e52c8ab	0.575	78
9e9f0c7f-81c2-4e0b-98f9-91ba3e52c8ab	0.575	78
9e9f0c7f-81c2-4e0b-98f9-91ba3e52c8ab	0.575	78
9e9f0c7f-81c2-4e0b-98f9-91ba3e52c8ab	0.575	78
9e9f0c7f-81c2-4e0b-98f9-91ba3e52c8ab	0.575	78
9e9f0c7f-81c2-4e0b-98f9-91ba3e52c8ab	0.575	78
9e9f0c7f-81c2-4e0b-98f9-91ba3e52c8ab	0.575	78
9e9f0c7f-81c2-4e0b-98f9-91ba3e52c8ab	0.575	78
9e9f0c7f-81c2-4e0b-98f9-91ba3e52c8ab	0.575	78
9e9f0c7f-81c2-4e0b-98f9-91ba3e52c8ab	0.575	78
9e9f0c7f-81c2-4e0b-98f9-91ba3e52c8ab	0.575	78
9e9f0c7f-81c2-4e0b-98f9-91ba3e52c8ab	0.575	78
9e9f0c7f-81c2-4e0b-98f9-91ba3e52c8ab	0.575	78
9e9f0c7f-81c2-4e0b-98f9-91ba3e52c8ab	0.575	78
9e9f0c7f-81c2-4e0b-98f9-91ba3e52c8ab	0.575	78
9e9f0c7f-81c2-4e0b-98f9-91ba3e52c8ab	0.575	78
9e9f0c7f-81c2-4e0b-98f9-91ba3e52c8ab	0.575	78
9e9f0c7f-81c2-4e0b-98f9-91ba3e52c8ab	0.575	78
9e9f0c7f-81c2-4e0b-98f9-91ba3e52c8ab	0.575	78
9e9f0c7f-81c2-4e0b-98f9-91ba3e52c8ab	0.575	78
9e9f0c7f-81c2-4e0b-98f9-91ba3e52c8ab	0.575	78
9e9f0c7f-81c2-4e0b-98f9-91ba3e52c8ab	0.575	78
9e9f0c7f-81c2-4e0b-98f9-91ba3e52c8ab	0.58125	78
9e9f0c7f-81c2-4e0b-98f9-91ba3e52c8ab	0.58125	78
9e9f0c7f-81c2-4e0b-98f9-91ba3e52c8ab	0.58125	78
9e9f0c7f-81c2-4e0b-98f9-91ba3e52c8ab	0.58125	78
9e9f0c7f-81c2-4e0b-98f9-91ba3e52c8ab	0.58125	78
9e9f0c7f-81c2-4e0b-98f9-91ba3e52c8ab	0.58125	78
9e9f0c7f-81c2-4e0b-98f9-91ba3e52c8ab	0.58125	78
9e9f0c7f-81c2-4e0b-98f9-91ba3e52c8ab	0.58125	78
9e9f0c7f-81c2-4e0b-98f9-91ba3e52c8ab	0.58125	78
9e9f0c7f-81c2-4e0b-98f9-91ba3e52c8ab	0.58125	78
9e9f0c7f-81c2-4e0b-98f9-91ba3e52c8ab	0.58125	78
9e9f0c7f-81c2-4e0b-98f9-91ba3e52c8ab	0.58125	78
9e9f0c7f-81c2-4e0b-98f9-91ba3e52c8ab	0.58125	78
9e9f0c7f-81c2-4e0b-98f9-91ba3e52c8ab	0.58125	78
9e9f0c7f-81c2-4e0b-98f9-91ba3e52c8ab	0.58125	78
9e9f0c7f-81c2-4e0b-98f9-91ba3e52c8ab	0.58125	78
9e9f0c7f-81c2-4e0b-98f9-91ba3e52c8ab	0.58125	78
9e9f0c7f-81c2-4e0b-98f9-91ba3e52c8ab	0.58125	78
9e9f0c7f-81c2-4e0b-98f9-91ba3e52c8ab	0.58125	78
9e9f0c7f-81c2-4e0b-98f9-91ba3e52c8ab	0.58125	78
9e9f0c7f-81c2-4e0b-98f9-91ba3e52c8ab	0.58125	78
9e9f0c7f-81c2-4e0b-98f9-91ba3e52c8ab	0.58125	78
9e9f0c7f-81c2-4e0b-98f9-91ba3e52c8ab	0.58125	78
9e9f0c7f-81c2-4e0b-98f9-91ba3e52c8ab	0.58125	78
9e9f0c7f-81c2-4e0b-98f9-91ba3e52c8ab	0.58125	78
9e9f0c7f-81c2-4e0b-98f9-91ba3e52c8ab	0.5875	78
9e9f0c7f-81c2-4e0b-98f9-91ba3e52c8ab	0.5875	78
9e9f0c7f-81c2-4e0b-98f9-91ba3e52c8ab	0.5875	78
9e9f0c7f-81c2-4e0b-98f9-91ba3e52c8ab	0.5875	78
9e9f0c7f-81c2-4e0b-98f9-91ba3e52c8ab	0.5875	78
9e9f0c7f-81c2-4e0b-98f9-91ba3e52c8ab	0.5875	78
9e9f0c7f-81c2-4e0b-98f9-91ba3e52c8ab	0.5875	78
9e9f0c7f-81c2-4e0b-98f9-91ba3e52c8ab	0.5875	78
9e9f0c7f-81c2-4e0b-98f9-91ba3e52c8ab	0.5875	78
9e9f0c7f-81c2-4e0b-98f9-91ba3e52c8ab	0.5875	78
9e9f0c7f-81c2-4e0b-98f9-91ba3e52c8ab	0.5875	78
9e9f0c7f-81c2-4e0b-98f9-91ba3e52c8ab	0.5875	78
9e9f0c7f-81c2-4e0b-98f9-91ba3e52c8ab	0.5875	78
9e9f0c7f-81c2-4e0b-98f9-91ba3e52c8ab	0.5875	78
9e9f0c7f-81c2-4e0b-98f9-91ba3e52c8ab	0.5875	78
9e9f0c7f-81c2-4e0b-98f9-91ba3e52c8ab	0.5875	78
9e9f0c7f-81c2-4e0b-98f9-91ba3e52c8ab	0.5875	78
9e9f0c7f-81c2-4e0b-98f9-91ba3e52c8ab	0.5875	78
9e9f0c7f-81c2-4e0b-98f9-91ba3e52c8ab	0.59375	78
9e9f0c7f-81c2-4e0b-98f9-91ba3e52c8ab	0.59375	78
9e9f0c7f-81c2-4e0b-98f9-91ba3e52c8ab	0.59375	78
9e9f0c7f-81c2-4e0b-98f9-91ba3e52c8ab	0.59375	78
9e9f0c7f-81c2-4e0b-98f9-91ba3e52c8ab	0.59375	78
9e9f0c7f-81c2-4e0b-98f9-91ba3e52c8ab	0.59375	78
9e9f0c7f-81c2-4e0b-98f9-91ba3e52c8ab	0.59375	78
9e9f0c7f-81c2-4e0b-98f9-91ba3e52c8ab	0.59375	78
9e9f0c7f-81c2-4e0b-98f9-91ba3e52c8ab	0.59375	78
9e9f0c7f-81c2-4e0b-98f9-91ba3e52c8ab	0.59375	78
9e9f0c7f-81c2-4e0b-98f9-91ba3e52c8ab	0.59375	78
9e9f0c7f-81c2-4e0b-98f9-91ba3e52c8ab	0.59375	78
9e9f0c7f-81c2-4e0b-98f9-91ba3e52c8ab	0.59375	78
9e9f0c7f-81c2-4e0b-98f9-91ba3e52c8ab	0.59375	78
9e9f0c7f-81c2-4e0b-98f9-91ba3e52c8ab	0.59375	78
9e9f0c7f-81c2-4e0b-98f9-91ba3e52c8ab	0.59375	78
9e9f0c7f-81c2-4e0b-98f9-91ba3e52c8ab	0.59375	78
9e9f0c7f-81c2-4e0b-98f9-91ba3e52c8ab	0.59375	78
9e9f0c7f-81c2-4e0b-98f9-91ba3e52c8ab	0.59375	78
9e9f0c7f-81c2-4e0b-98f9-91ba3e52c8ab	0.59375	78
9e9f0c7f-81c2-4e0b-98f9-91ba3e52c8ab	0.59375	78
9e9f0c7f-81c2-4e0b-98f9-91ba3e52c8ab	0.59375	78
9e9f0c7f-81c2-4e0b-98f9-91ba3e52c8ab	0.59375	78
9e9f0c7f-81c2-4e0b-98f9-91ba3e52c8ab	0.59375	78
9e9f0c7f-81c2-4e0b-98f9-91ba3e52c8ab	0.59375	78
9e9f0c7f-81c2-4e0b-98f9-91ba3e52c8ab	0.59375	78
9e9f0c7f-81c2-4e0b-98f9-91ba3e52c8ab	0.59375	78
9e9f0c7f-81c2-4e0b-98f9-91ba3e52c8ab	0.6	78
9e9f0c7f-81c2-4e0b-98f9-91ba3e52c8ab	0.6	78
9e9f0c7f-81c2-4e0b-98f9-91ba3e52c8ab	0.60625	78
9e9f0c7f-81c2-4e0b-98f9-91ba3e52c8ab	0.60625	78
9e9f0c7f-81c2-4e0b-98f9-91ba3e52c8ab	0.60625	78
9e9f0c7f-81c2-4e0b-98f9-91ba3e52c8ab	0.60625	78
9e9f0c7f-81c2-4e0b-98f9-91ba3e52c8ab	0.60625	78
9e9f0c7f-81c2-4e0b-98f9-91ba3e52c8ab	0.60625	78
9e9f0c7f-81c2-4e0b-98f9-91ba3e52c8ab	0.60625	78
9e9f0c7f-81c2-4e0b-98f9-91ba3e52c8ab	0.60625	78
9e9f0c7f-81c2-4e0b-98f9-91ba3e52c8ab	0.60625	78
9e9f0c7f-81c2-4e0b-98f9-91ba3e52c8ab	0.60625	78
9e9f0c7f-81c2-4e0b-98f9-91ba3e52c8ab	0.60625	78
9e9f0c7f-81c2-4e0b-98f9-91ba3e52c8ab	0.60625	78
9e9f0c7f-81c2-4e0b-98f9-91ba3e52c8ab	0.60625	78
9e9f0c7f-81c2-4e0b-98f9-91ba3e52c8ab	0.60625	78
9e9f0c7f-81c2-4e0b-98f9-91ba3e52c8ab	0.6125	78
9e9f0c7f-81c2-4e0b-98f9-91ba3e52c8ab	0.6125	78
9e9f0c7f-81c2-4e0b-98f9-91ba3e52c8ab	0.6125	78
9e9f0c7f-81c2-4e0b-98f9-91ba3e52c8ab	0.6125	78
9e9f0c7f-81c2-4e0b-98f9-91ba3e52c8ab	0.6125	78
9e9f0c7f-81c2-4e0b-98f9-91ba3e52c8ab	0.6125	78
9e9f0c7f-81c2-4e0b-98f9-91ba3e52c8ab	0.61875	78
9e9f0c7f-81c2-4e0b-98f9-91ba3e52c8ab	0.61875	78
9e9f0c7f-81c2-4e0b-98f9-91ba3e52c8ab	0.61875	78
9e9f0c7f-81c2-4e0b-98f9-91ba3e52c8ab	0.61875	78
9e9f0c7f-81c2-4e0b-98f9-91ba3e52c8ab	0.61875	78
9e9f0c7f-81c2-4e0b-98f9-91ba3e52c8ab	0.61875	78
9e9f0c7f-81c2-4e0b-98f9-91ba3e52c8ab	0.61875	78
9e9f0c7f-81c2-4e0b-98f9-91ba3e52c8ab	0.61875	78
9e9f0c7f-81c2-4e0b-98f9-91ba3e52c8ab	0.61875	78
9e9f0c7f-81c2-4e0b-98f9-91ba3e52c8ab	0.61875	78
9e9f0c7f-81c2-4e0b-98f9-91ba3e52c8ab	0.61875	78
9e9f0c7f-81c2-4e0b-98f9-91ba3e52c8ab	0.61875	78
9e9f0c7f-81c2-4e0b-98f9-91ba3e52c8ab	0.61875	78
9e9f0c7f-81c2-4e0b-98f9-91ba3e52c8ab	0.61875	78
9e9f0c7f-81c2-4e0b-98f9-91ba3e52c8ab	0.61875	78
9e9f0c7f-81c2-4e0b-98f9-91ba3e52c8ab	0.625	78
9e9f0c7f-81c2-4e0b-98f9-91ba3e52c8ab	0.625	78
9e9f0c7f-81c2-4e0b-98f9-91ba3e52c8ab	0.625	78
9e9f0c7f-81c2-4e0b-98f9-91ba3e52c8ab	0.625	78
9e9f0c7f-81c2-4e0b-98f9-91ba3e52c8ab	0.63125	78
9e9f0c7f-81c2-4e0b-98f9-91ba3e52c8ab	0.63125	78
9e9f0c7f-81c2-4e0b-98f9-91ba3e52c8ab	0.63125	78
9e9f0c7f-81c2-4e0b-98f9-91ba3e52c8ab	0.63125	78
9e9f0c7f-81c2-4e0b-98f9-91ba3e52c8ab	0.63125	78
9e9f0c7f-81c2-4e0b-98f9-91ba3e52c8ab	0.6375	78
9e9f0c7f-81c2-4e0b-98f9-91ba3e52c8ab	0.6375	78
9e9f0c7f-81c2-4e0b-98f9-91ba3e52c8ab	0.65	78
9e9f0c7f-81c2-4e0b-98f9-91ba3e52c8ab	0.65	78
9e9f0c7f-81c2-4e0b-98f9-91ba3e52c8ab	0.65625	79
9e9f0c7f-81c2-4e0b-98f9-91ba3e52c8ab	0.65625	79
9e9f0c7f-81c2-4e0b-98f9-91ba3e52c8ab	0.6625	79
9e9f0c7f-81c2-4e0b-98f9-91ba3e52c8ab	0.6625	79
9e9f0c7f-81c2-4e0b-98f9-91ba3e52c8ab	0.6625	79
9e9f0c7f-81c2-4e0b-98f9-91ba3e52c8ab	0.66875	79
9e9f0c7f-81c2-4e0b-98f9-91ba3e52c8ab	0.675	79
9e9f0c7f-81c2-4e0b-98f9-91ba3e52c8ab	0.675	79
9e9f0c7f-81c2-4e0b-98f9-91ba3e52c8ab	0.675	79
9e9f0c7f-81c2-4e0b-98f9-91ba3e52c8ab	0.68125	79
9e9f0c7f-81c2-4e0b-98f9-91ba3e52c8ab	0.6875	79
9e9f0c7f-81c2-4e0b-98f9-91ba3e52c8ab	0.6875	79
9e9f0c7f-81c2-4e0b-98f9-91ba3e52c8ab	0.69375	79
9e9f0c7f-81c2-4e0b-98f9-91ba3e52c8ab	0.69375	79
9e9f0c7f-81c2-4e0b-98f9-91ba3e52c8ab	0.69375	79
9e9f0c7f-81c2-4e0b-98f9-91ba3e52c8ab	0.69375	79
9e9f0c7f-81c2-4e0b-98f9-91ba3e52c8ab	0.69375	79
9e9f0c7f-81c2-4e0b-98f9-91ba3e52c8ab	0.69375	79
9e9f0c7f-81c2-4e0b-98f9-91ba3e52c8ab	0.7	79
9e9f0c7f-81c2-4e0b-98f9-91ba3e52c8ab	0.7	79
9e9f0c7f-81c2-4e0b-98f9-91ba3e52c8ab	0.70625	79
9e9f0c7f-81c2-4e0b-98f9-91ba3e52c8ab	0.71875	79
9e9f0c7f-81c2-4e0b-98f9-91ba3e52c8ab	0.71875	79
9e9f0c7f-81c2-4e0b-98f9-91ba3e52c8ab	0.71875	79
9e9f0c7f-81c2-4e0b-98f9-91ba3e52c8ab	0.71875	79
9e9f0c7f-81c2-4e0b-98f9-91ba3e52c8ab	0.71875	79
9e9f0c7f-81c2-4e0b-98f9-91ba3e52c8ab	0.725	79
9e9f0c7f-81c2-4e0b-98f9-91ba3e52c8ab	0.725	79
9e9f0c7f-81c2-4e0b-98f9-91ba3e52c8ab	0.74375	79
9e9f0c7f-81c2-4e0b-98f9-91ba3e52c8ab	0.74375	79
9e9f0c7f-81c2-4e0b-98f9-91ba3e52c8ab	0.74375	79
9e9f0c7f-81c2-4e0b-98f9-91ba3e52c8ab	0.74375	79
9e9f0c7f-81c2-4e0b-98f9-91ba3e52c8ab	0.74375	79
9e9f0c7f-81c2-4e0b-98f9-91ba3e52c8ab	0.74375	79
9e9f0c7f-81c2-4e0b-98f9-91ba3e52c8ab	0.74375	79
9e9f0c7f-81c2-4e0b-98f9-91ba3e52c8ab	0.74375	79
9e9f0c7f-81c2-4e0b-98f9-91ba3e52c8ab	0.74375	79
9e9f0c7f-81c2-4e0b-98f9-91ba3e52c8ab	0.74375	79
9e9f0c7f-81c2-4e0b-98f9-91ba3e52c8ab	0.74375	79
9e9f0c7f-81c2-4e0b-98f9-91ba3e52c8ab	0.74375	79
9e9f0c7f-81c2-4e0b-98f9-91ba3e52c8ab	0.74375	79
9e9f0c7f-81c2-4e0b-98f9-91ba3e52c8ab	0.74375	79
9e9f0c7f-81c2-4e0b-98f9-91ba3e52c8ab	0.74375	79
9e9f0c7f-81c2-4e0b-98f9-91ba3e52c8ab	0.75625	79
9e9f0c7f-81c2-4e0b-98f9-91ba3e52c8ab	0.75625	79
9e9f0c7f-81c2-4e0b-98f9-91ba3e52c8ab	0.75625	79
9e9f0c7f-81c2-4e0b-98f9-91ba3e52c8ab	0.75625	79
9e9f0c7f-81c2-4e0b-98f9-91ba3e52c8ab	0.75625	79
9e9f0c7f-81c2-4e0b-98f9-91ba3e52c8ab	0.7625	79
9e9f0c7f-81c2-4e0b-98f9-91ba3e52c8ab	0.7625	79
9e9f0c7f-81c2-4e0b-98f9-91ba3e52c8ab	0.7625	79
9e9f0c7f-81c2-4e0b-98f9-91ba3e52c8ab	0.7625	79
9e9f0c7f-81c2-4e0b-98f9-91ba3e52c8ab	0.7625	79
9e9f0c7f-81c2-4e0b-98f9-91ba3e52c8ab	0.7625	79
9e9f0c7f-81c2-4e0b-98f9-91ba3e52c8ab	0.76875	79
9e9f0c7f-81c2-4e0b-98f9-91ba3e52c8ab	0.775	79
9e9f0c7f-81c2-4e0b-98f9-91ba3e52c8ab	0.775	79
9e9f0c7f-81c2-4e0b-98f9-91ba3e52c8ab	0.775	79
9e9f0c7f-81c2-4e0b-98f9-91ba3e52c8ab	0.775	79
9e9f0c7f-81c2-4e0b-98f9-91ba3e52c8ab	0.775	79
9e9f0c7f-81c2-4e0b-98f9-91ba3e52c8ab	0.7875	79
9e9f0c7f-81c2-4e0b-98f9-91ba3e52c8ab	0.79375	79
9e9f0c7f-81c2-4e0b-98f9-91ba3e52c8ab	0.8	79
9e9f0c7f-81c2-4e0b-98f9-91ba3e52c8ab	0.8125	79
9e9f0c7f-81c2-4e0b-98f9-91ba3e52c8ab	0.8125	79
9e9f0c7f-81c2-4e0b-98f9-91ba3e52c8ab	0.8125	79
9e9f0c7f-81c2-4e0b-98f9-91ba3e52c8ab	0.81875	79
9e9f0c7f-81c2-4e0b-98f9-91ba3e52c8ab	0.825	79
9e9f0c7f-81c2-4e0b-98f9-91ba3e52c8ab	0.825	79
9e9f0c7f-81c2-4e0b-98f9-91ba3e52c8ab	0.83125	79
9e9f0c7f-81c2-4e0b-98f9-91ba3e52c8ab	0.85	79
9e9f0c7f-81c2-4e0b-98f9-91ba3e52c8ab	0.85	79
9e9f0c7f-81c2-4e0b-98f9-91ba3e52c8ab	0.85	79
9e9f0c7f-81c2-4e0b-98f9-91ba3e52c8ab	0.8625	79
9e9f0c7f-81c2-4e0b-98f9-91ba3e52c8ab	0.86875	79
9e9f0c7f-81c2-4e0b-98f9-91ba3e52c8ab	0.8875	79
9e9f0c7f-81c2-4e0b-98f9-91ba3e52c8ab	0.8875	79
9e9f0c7f-81c2-4e0b-98f9-91ba3e52c8ab	0.89375	79
9e9f0c7f-81c2-4e0b-98f9-91ba3e52c8ab	0.89375	79
9e9f0c7f-81c2-4e0b-98f9-91ba3e52c8ab	0.89375	79
9e9f0c7f-81c2-4e0b-98f9-91ba3e52c8ab	0.89375	79
9e9f0c7f-81c2-4e0b-98f9-91ba3e52c8ab	0.9	79
9e9f0c7f-81c2-4e0b-98f9-91ba3e52c8ab	0.9125	79
9e9f0c7f-81c2-4e0b-98f9-91ba3e52c8ab	0.91875	79
9e9f0c7f-81c2-4e0b-98f9-91ba3e52c8ab	0.925	79
9e9f0c7f-81c2-4e0b-98f9-91ba3e52c8ab	0.94375	79
9e9f0c7f-81c2-4e0b-98f9-91ba3e52c8ab	0.95625	79
9e9f0c7f-81c2-4e0b-98f9-91ba3e52c8ab	0.9625	79
9e9f0c7f-81c2-4e0b-98f9-91ba3e52c8ab	0.975	79
9e9f0c7f-81c2-4e0b-98f9-91ba3e52c8ab	0.99375	79
9e9f0c7f-81c2-4e0b-98f9-91ba3e52c8ab	1	79
9e9f0c7f-81c2-4e0b-98f9-91ba3e52c8ab	1	79