run_id	Precision-recall curve.Recall	Precision-recall curve
9e9f0c7f-81c2-4e0b-98f9-91ba3e52c8ab	0	1
9e9f0c7f-81c2-4e0b-98f9-91ba3e52c8ab	0.02531645569620253	1
9e9f0c7f-81c2-4e0b-98f9-91ba3e52c8ab	0.05063291139240506	1
9e9f0c7f-81c2-4e0b-98f9-91ba3e52c8ab	0.08860759493670886	1
9e9f0c7f-81c2-4e0b-98f9-91ba3e52c8ab	0.11392405063291139	1
9e9f0c7f-81c2-4e0b-98f9-91ba3e52c8ab	0.13924050632911392	1
9e9f0c7f-81c2-4e0b-98f9-91ba3e52c8ab	0.17721518987341772	1
9e9f0c7f-81c2-4e0b-98f9-91ba3e52c8ab	0.189873417721519	1
9e9f0c7f-81c2-4e0b-98f9-91ba3e52c8ab	0.21518987341772153	1
9e9f0c7f-81c2-4e0b-98f9-91ba3e52c8ab	0.24050632911392406	1
9e9f0c7f-81c2-4e0b-98f9-91ba3e52c8ab	0.26582278481012656	1
9e9f0c7f-81c2-4e0b-98f9-91ba3e52c8ab	0.27848101265822783	1
9e9f0c7f-81c2-4e0b-98f9-91ba3e52c8ab	0.3037974683544304	1
9e9f0c7f-81c2-4e0b-98f9-91ba3e52c8ab	0.3037974683544304	1
9e9f0c7f-81c2-4e0b-98f9-91ba3e52c8ab	0.3291139240506329	1
9e9f0c7f-81c2-4e0b-98f9-91ba3e52c8ab	0.3291139240506329	1
9e9f0c7f-81c2-4e0b-98f9-91ba3e52c8ab	0.3291139240506329	1
9e9f0c7f-81c2-4e0b-98f9-91ba3e52c8ab	0.3291139240506329	1
9e9f0c7f-81c2-4e0b-98f9-91ba3e52c8ab	0.34177215189873417	1
9e9f0c7f-81c2-4e0b-98f9-91ba3e52c8ab	0.3670886075949367	1
9e9f0c7f-81c2-4e0b-98f9-91ba3e52c8ab	0.3924050632911392	1
9e9f0c7f-81c2-4e0b-98f9-91ba3e52c8ab	0.4050632911392405	1
9e9f0c7f-81c2-4e0b-98f9-91ba3e52c8ab	0.4050632911392405	1
9e9f0c7f-81c2-4e0b-98f9-91ba3e52c8ab	0.4050632911392405	1
9e9f0c7f-81c2-4e0b-98f9-91ba3e52c8ab	0.4050632911392405	1
9e9f0c7f-81c2-4e0b-98f9-91ba3e52c8ab	0.4050632911392405	1
9e9f0c7f-81c2-4e0b-98f9-91ba3e52c8ab	0.4177215189873418	1
9e9f0c7f-81c2-4e0b-98f9-91ba3e52c8ab	0.4177215189873418	1
9e9f0c7f-81c2-4e0b-98f9-91ba3e52c8ab	0.4177215189873418	1
9e9f0c7f-81c2-4e0b-98f9-91ba3e52c8ab	0.45569620253164556	1
9e9f0c7f-81c2-4e0b-98f9-91ba3e52c8ab	0.45569620253164556	1
9e9f0c7f-81c2-4e0b-98f9-91ba3e52c8ab	0.46835443037974683	1
9e9f0c7f-81c2-4e0b-98f9-91ba3e52c8ab	0.4810126582278481	1
9e9f0c7f-81c2-4e0b-98f9-91ba3e52c8ab	0.4810126582278481	1
9e9f0c7f-81c2-4e0b-98f9-91ba3e52c8ab	0.4810126582278481	1
9e9f0c7f-81c2-4e0b-98f9-91ba3e52c8ab	0.4810126582278481	1
9e9f0c7f-81c2-4e0b-98f9-91ba3e52c8ab	0.4936708860759494	1
9e9f0c7f-81c2-4e0b-98f9-91ba3e52c8ab	0.5063291139240507	1
9e9f0c7f-81c2-4e0b-98f9-91ba3e52c8ab	0.5189873417721519	1
9e9f0c7f-81c2-4e0b-98f9-91ba3e52c8ab	0.5189873417721519	1
9e9f0c7f-81c2-4e0b-98f9-91ba3e52c8ab	0.5189873417721519	1
9e9f0c7f-81c2-4e0b-98f9-91ba3e52c8ab	0.5189873417721519	1
9e9f0c7f-81c2-4e0b-98f9-91ba3e52c8ab	0.5189873417721519	1
9e9f0c7f-81c2-4e0b-98f9-91ba3e52c8ab	0.5316455696202531	1
9e9f0c7f-81c2-4e0b-98f9-91ba3e52c8ab	0.5443037974683544	1
9e9f0c7f-81c2-4e0b-98f9-91ba3e52c8ab	0.5443037974683544	1
9e9f0c7f-81c2-4e0b-98f9-91ba3e52c8ab	0.5443037974683544	1
9e9f0c7f-81c2-4e0b-98f9-91ba3e52c8ab	0.5443037974683544	1
9e9f0c7f-81c2-4e0b-98f9-91ba3e52c8ab	0.5443037974683544	1
9e9f0c7f-81c2-4e0b-98f9-91ba3e52c8ab	0.5443037974683544	1
9e9f0c7f-81c2-4e0b-98f9-91ba3e52c8ab	0.5443037974683544	1
9e9f0c7f-81c2-4e0b-98f9-91ba3e52c8ab	0.5443037974683544	1
9e9f0c7f-81c2-4e0b-98f9-91ba3e52c8ab	0.5443037974683544	1
9e9f0c7f-81c2-4e0b-98f9-91ba3e52c8ab	0.5443037974683544	1
9e9f0c7f-81c2-4e0b-98f9-91ba3e52c8ab	0.5443037974683544	1
9e9f0c7f-81c2-4e0b-98f9-91ba3e52c8ab	0.5443037974683544	1
9e9f0c7f-81c2-4e0b-98f9-91ba3e52c8ab	0.5443037974683544	1
9e9f0c7f-81c2-4e0b-98f9-91ba3e52c8ab	0.5443037974683544	1
9e9f0c7f-81c2-4e0b-98f9-91ba3e52c8ab	0.5443037974683544	1
9e9f0c7f-81c2-4e0b-98f9-91ba3e52c8ab	0.5569620253164557	1
9e9f0c7f-81c2-4e0b-98f9-91ba3e52c8ab	0.5822784810126582	1
9e9f0c7f-81c2-4e0b-98f9-91ba3e52c8ab	0.6075949367088608	1
9e9f0c7f-81c2-4e0b-98f9-91ba3e52c8ab	0.6075949367088608	1
9e9f0c7f-81c2-4e0b-98f9-91ba3e52c8ab	0.6075949367088608	1
9e9f0c7f-81c2-4e0b-98f9-91ba3e52c8ab	0.6075949367088608	1
9e9f0c7f-81c2-4e0b-98f9-91ba3e52c8ab	0.6075949367088608	1
9e9f0c7f-81c2-4e0b-98f9-91ba3e52c8ab	0.6075949367088608	1
9e9f0c7f-81c2-4e0b-98f9-91ba3e52c8ab	0.620253164556962	1
9e9f0c7f-81c2-4e0b-98f9-91ba3e52c8ab	0.6455696202531646	1
9e9f0c7f-81c2-4e0b-98f9-91ba3e52c8ab	0.6455696202531646	1
9e9f0c7f-81c2-4e0b-98f9-91ba3e52c8ab	0.6455696202531646	1
9e9f0c7f-81c2-4e0b-98f9-91ba3e52c8ab	0.6582278481012658	1
9e9f0c7f-81c2-4e0b-98f9-91ba3e52c8ab	0.6582278481012658	1
9e9f0c7f-81c2-4e0b-98f9-91ba3e52c8ab	0.6708860759493671	1
9e9f0c7f-81c2-4e0b-98f9-91ba3e52c8ab	0.6835443037974683	1
9e9f0c7f-81c2-4e0b-98f9-91ba3e52c8ab	0.6835443037974683	1
9e9f0c7f-81c2-4e0b-98f9-91ba3e52c8ab	0.6835443037974683	1
9e9f0c7f-81c2-4e0b-98f9-91ba3e52c8ab	0.6835443037974683	1
9e9f0c7f-81c2-4e0b-98f9-91ba3e52c8ab	0.6835443037974683	1
9e9f0c7f-81c2-4e0b-98f9-91ba3e52c8ab	0.6835443037974683	1
9e9f0c7f-81c2-4e0b-98f9-91ba3e52c8ab	0.6962025316455697	1
9e9f0c7f-81c2-4e0b-98f9-91ba3e52c8ab	0.6962025316455697	1
9e9f0c7f-81c2-4e0b-98f9-91ba3e52c8ab	0.6962025316455697	1
9e9f0c7f-81c2-4e0b-98f9-91ba3e52c8ab	0.6962025316455697	1
9e9f0c7f-81c2-4e0b-98f9-91ba3e52c8ab	0.6962025316455697	1
9e9f0c7f-81c2-4e0b-98f9-91ba3e52c8ab	0.6962025316455697	1
9e9f0c7f-81c2-4e0b-98f9-91ba3e52c8ab	0.6962025316455697	1
9e9f0c7f-81c2-4e0b-98f9-91ba3e52c8ab	0.6962025316455697	1
9e9f0c7f-81c2-4e0b-98f9-91ba3e52c8ab	0.6962025316455697	1
9e9f0c7f-81c2-4e0b-98f9-91ba3e52c8ab	0.6962025316455697	1
9e9f0c7f-81c2-4e0b-98f9-91ba3e52c8ab	0.7088607594936709	1
9e9f0c7f-81c2-4e0b-98f9-91ba3e52c8ab	0.7088607594936709	1
9e9f0c7f-81c2-4e0b-98f9-91ba3e52c8ab	0.7088607594936709	1
9e9f0c7f-81c2-4e0b-98f9-91ba3e52c8ab	0.7088607594936709	1
9e9f0c7f-81c2-4e0b-98f9-91ba3e52c8ab	0.7088607594936709	1
9e9f0c7f-81c2-4e0b-98f9-91ba3e52c8ab	0.7215189873417721	1
9e9f0c7f-81c2-4e0b-98f9-91ba3e52c8ab	0.7215189873417721	1
9e9f0c7f-81c2-4e0b-98f9-91ba3e52c8ab	0.7215189873417721	1
9e9f0c7f-81c2-4e0b-98f9-91ba3e52c8ab	0.7341772151898734	1
9e9f0c7f-81c2-4e0b-98f9-91ba3e52c8ab	0.7341772151898734	1
9e9f0c7f-81c2-4e0b-98f9-91ba3e52c8ab	0.7341772151898734	1
9e9f0c7f-81c2-4e0b-98f9-91ba3e52c8ab	0.7341772151898734	1
9e9f0c7f-81c2-4e0b-98f9-91ba3e52c8ab	0.7341772151898734	1
9e9f0c7f-81c2-4e0b-98f9-91ba3e52c8ab	0.7341772151898734	1
9e9f0c7f-81c2-4e0b-98f9-91ba3e52c8ab	0.7341772151898734	1
9e9f0c7f-81c2-4e0b-98f9-91ba3e52c8ab	0.7341772151898734	1
9e9f0c7f-81c2-4e0b-98f9-91ba3e52c8ab	0.7341772151898734	1
9e9f0c7f-81c2-4e0b-98f9-91ba3e52c8ab	0.7341772151898734	1
9e9f0c7f-81c2-4e0b-98f9-91ba3e52c8ab	0.7341772151898734	1
9e9f0c7f-81c2-4e0b-98f9-91ba3e52c8ab	0.7341772151898734	1
9e9f0c7f-81c2-4e0b-98f9-91ba3e52c8ab	0.7341772151898734	1
9e9f0c7f-81c2-4e0b-98f9-91ba3e52c8ab	0.7341772151898734	1
9e9f0c7f-81c2-4e0b-98f9-91ba3e52c8ab	0.7341772151898734	1
9e9f0c7f-81c2-4e0b-98f9-91ba3e52c8ab	0.7341772151898734	1
9e9f0c7f-81c2-4e0b-98f9-91ba3e52c8ab	0.7341772151898734	1
9e9f0c7f-81c2-4e0b-98f9-91ba3e52c8ab	0.7341772151898734	1
9e9f0c7f-81c2-4e0b-98f9-91ba3e52c8ab	0.7341772151898734	1
9e9f0c7f-81c2-4e0b-98f9-91ba3e52c8ab	0.7468354430379747	1
9e9f0c7f-81c2-4e0b-98f9-91ba3e52c8ab	0.7468354430379747	1
9e9f0c7f-81c2-4e0b-98f9-91ba3e52c8ab	0.7468354430379747	1
9e9f0c7f-81c2-4e0b-98f9-91ba3e52c8ab	0.7468354430379747	1
9e9f0c7f-81c2-4e0b-98f9-91ba3e52c8ab	0.7468354430379747	1
9e9f0c7f-81c2-4e0b-98f9-91ba3e52c8ab	0.7468354430379747	1
9e9f0c7f-81c2-4e0b-98f9-91ba3e52c8ab	0.759493670886076	1
9e9f0c7f-81c2-4e0b-98f9-91ba3e52c8ab	0.759493670886076	1
9e9f0c7f-81c2-4e0b-98f9-91ba3e52c8ab	0.759493670886076	1
9e9f0c7f-81c2-4e0b-98f9-91ba3e52c8ab	0.759493670886076	1
9e9f0c7f-81c2-4e0b-98f9-91ba3e52c8ab	0.759493670886076	1
9e9f0c7f-81c2-4e0b-98f9-91ba3e52c8ab	0.759493670886076	1
9e9f0c7f-81c2-4e0b-98f9-91ba3e52c8ab	0.759493670886076	1
9e9f0c7f-81c2-4e0b-98f9-91ba3e52c8ab	0.759493670886076	1
9e9f0c7f-81c2-4e0b-98f9-91ba3e52c8ab	0.759493670886076	1
9e9f0c7f-81c2-4e0b-98f9-91ba3e52c8ab	0.759493670886076	1
9e9f0c7f-81c2-4e0b-98f9-91ba3e52c8ab	0.759493670886076	1
9e9f0c7f-81c2-4e0b-98f9-91ba3e52c8ab	0.759493670886076	1
9e9f0c7f-81c2-4e0b-98f9-91ba3e52c8ab	0.759493670886076	1
9e9f0c7f-81c2-4e0b-98f9-91ba3e52c8ab	0.759493670886076	1
9e9f0c7f-81c2-4e0b-98f9-91ba3e52c8ab	0.759493670886076	1
9e9f0c7f-81c2-4e0b-98f9-91ba3e52c8ab	0.759493670886076	1
9e9f0c7f-81c2-4e0b-98f9-91ba3e52c8ab	0.759493670886076	1
9e9f0c7f-81c2-4e0b-98f9-91ba3e52c8ab	0.759493670886076	1
9e9f0c7f-81c2-4e0b-98f9-91ba3e52c8ab	0.759493670886076	1
9e9f0c7f-81c2-4e0b-98f9-91ba3e52c8ab	0.759493670886076	1
9e9f0c7f-81c2-4e0b-98f9-91ba3e52c8ab	0.759493670886076	1
9e9f0c7f-81c2-4e0b-98f9-91ba3e52c8ab	0.759493670886076	1
9e9f0c7f-81c2-4e0b-98f9-91ba3e52c8ab	0.759493670886076	1
9e9f0c7f-81c2-4e0b-98f9-91ba3e52c8ab	0.759493670886076	1
9e9f0c7f-81c2-4e0b-98f9-91ba3e52c8ab	0.759493670886076	1
9e9f0c7f-81c2-4e0b-98f9-91ba3e52c8ab	0.759493670886076	1
9e9f0c7f-81c2-4e0b-98f9-91ba3e52c8ab	0.759493670886076	1
9e9f0c7f-81c2-4e0b-98f9-91ba3e52c8ab	0.759493670886076	1
9e9f0c7f-81c2-4e0b-98f9-91ba3e52c8ab	0.759493670886076	1
9e9f0c7f-81c2-4e0b-98f9-91ba3e52c8ab	0.759493670886076	1
9e9f0c7f-81c2-4e0b-98f9-91ba3e52c8ab	0.759493670886076	1
9e9f0c7f-81c2-4e0b-98f9-91ba3e52c8ab	0.759493670886076	1
9e9f0c7f-81c2-4e0b-98f9-91ba3e52c8ab	0.759493670886076	1
9e9f0c7f-81c2-4e0b-98f9-91ba3e52c8ab	0.759493670886076	1
9e9f0c7f-81c2-4e0b-98f9-91ba3e52c8ab	0.759493670886076	1
9e9f0c7f-81c2-4e0b-98f9-91ba3e52c8ab	0.759493670886076	1
9e9f0c7f-81c2-4e0b-98f9-91ba3e52c8ab	0.759493670886076	1
9e9f0c7f-81c2-4e0b-98f9-91ba3e52c8ab	0.759493670886076	1
9e9f0c7f-81c2-4e0b-98f9-91ba3e52c8ab	0.759493670886076	1
9e9f0c7f-81c2-4e0b-98f9-91ba3e52c8ab	0.759493670886076	1
9e9f0c7f-81c2-4e0b-98f9-91ba3e52c8ab	0.759493670886076	1
9e9f0c7f-81c2-4e0b-98f9-91ba3e52c8ab	0.759493670886076	1
9e9f0c7f-81c2-4e0b-98f9-91ba3e52c8ab	0.759493670886076	1
9e9f0c7f-81c2-4e0b-98f9-91ba3e52c8ab	0.7721518987341772	1
9e9f0c7f-81c2-4e0b-98f9-91ba3e52c8ab	0.7721518987341772	1
9e9f0c7f-81c2-4e0b-98f9-91ba3e52c8ab	0.7721518987341772	1
9e9f0c7f-81c2-4e0b-98f9-91ba3e52c8ab	0.7721518987341772	1
9e9f0c7f-81c2-4e0b-98f9-91ba3e52c8ab	0.7721518987341772	1
9e9f0c7f-81c2-4e0b-98f9-91ba3e52c8ab	0.7721518987341772	1
9e9f0c7f-81c2-4e0b-98f9-91ba3e52c8ab	0.7721518987341772	1
9e9f0c7f-81c2-4e0b-98f9-91ba3e52c8ab	0.7721518987341772	1
9e9f0c7f-81c2-4e0b-98f9-91ba3e52c8ab	0.7721518987341772	1
9e9f0c7f-81c2-4e0b-98f9-91ba3e52c8ab	0.7721518987341772	1
9e9f0c7f-81c2-4e0b-98f9-91ba3e52c8ab	0.7721518987341772	1
9e9f0c7f-81c2-4e0b-98f9-91ba3e52c8ab	0.7721518987341772	1
9e9f0c7f-81c2-4e0b-98f9-91ba3e52c8ab	0.7721518987341772	1
9e9f0c7f-81c2-4e0b-98f9-91ba3e52c8ab	0.7721518987341772	1
9e9f0c7f-81c2-4e0b-98f9-91ba3e52c8ab	0.7721518987341772	1
9e9f0c7f-81c2-4e0b-98f9-91ba3e52c8ab	0.7721518987341772	1
9e9f0c7f-81c2-4e0b-98f9-91ba3e52c8ab	0.7848101265822784	1
9e9f0c7f-81c2-4e0b-98f9-91ba3e52c8ab	0.7974683544303798	1
9e9f0c7f-81c2-4e0b-98f9-91ba3e52c8ab	0.7974683544303798	1
9e9f0c7f-81c2-4e0b-98f9-91ba3e52c8ab	0.7974683544303798	1
9e9f0c7f-81c2-4e0b-98f9-91ba3e52c8ab	0.7974683544303798	1
9e9f0c7f-81c2-4e0b-98f9-91ba3e52c8ab	0.7974683544303798	1
9e9f0c7f-81c2-4e0b-98f9-91ba3e52c8ab	0.7974683544303798	1
9e9f0c7f-81c2-4e0b-98f9-91ba3e52c8ab	0.7974683544303798	1
9e9f0c7f-81c2-4e0b-98f9-91ba3e52c8ab	0.7974683544303798	1
9e9f0c7f-81c2-4e0b-98f9-91ba3e52c8ab	0.7974683544303798	1
9e9f0c7f-81c2-4e0b-98f9-91ba3e52c8ab	0.7974683544303798	1
9e9f0c7f-81c2-4e0b-98f9-91ba3e52c8ab	0.7974683544303798	1
9e9f0c7f-81c2-4e0b-98f9-91ba3e52c8ab	0.810126582278481	1
9e9f0c7f-81c2-4e0b-98f9-91ba3e52c8ab	0.810126582278481	1
9e9f0c7f-81c2-4e0b-98f9-91ba3e52c8ab	0.810126582278481	1
9e9f0c7f-81c2-4e0b-98f9-91ba3e52c8ab	0.810126582278481	1
9e9f0c7f-81c2-4e0b-98f9-91ba3e52c8ab	0.810126582278481	1
9e9f0c7f-81c2-4e0b-98f9-91ba3e52c8ab	0.810126582278481	1
9e9f0c7f-81c2-4e0b-98f9-91ba3e52c8ab	0.810126582278481	1
9e9f0c7f-81c2-4e0b-98f9-91ba3e52c8ab	0.810126582278481	1
9e9f0c7f-81c2-4e0b-98f9-91ba3e52c8ab	0.810126582278481	1
9e9f0c7f-81c2-4e0b-98f9-91ba3e52c8ab	0.810126582278481	1
9e9f0c7f-81c2-4e0b-98f9-91ba3e52c8ab	0.810126582278481	1
9e9f0c7f-81c2-4e0b-98f9-91ba3e52c8ab	0.8227848101265823	0.9848484848484849
9e9f0c7f-81c2-4e0b-98f9-91ba3e52c8ab	0.8227848101265823	0.9848484848484849
9e9f0c7f-81c2-4e0b-98f9-91ba3e52c8ab	0.8227848101265823	0.9848484848484849
9e9f0c7f-81c2-4e0b-98f9-91ba3e52c8ab	0.8227848101265823	0.9848484848484849
9e9f0c7f-81c2-4e0b-98f9-91ba3e52c8ab	0.8227848101265823	0.9848484848484849
9e9f0c7f-81c2-4e0b-98f9-91ba3e52c8ab	0.8227848101265823	0.9848484848484849
9e9f0c7f-81c2-4e0b-98f9-91ba3e52c8ab	0.8227848101265823	0.9848484848484849
9e9f0c7f-81c2-4e0b-98f9-91ba3e52c8ab	0.8227848101265823	0.9848484848484849
9e9f0c7f-81c2-4e0b-98f9-91ba3e52c8ab	0.8227848101265823	1
9e9f0c7f-81c2-4e0b-98f9-91ba3e52c8ab	0.8227848101265823	1
9e9f0c7f-81c2-4e0b-98f9-91ba3e52c8ab	0.8227848101265823	1
9e9f0c7f-81c2-4e0b-98f9-91ba3e52c8ab	0.8227848101265823	1
9e9f0c7f-81c2-4e0b-98f9-91ba3e52c8ab	0.8227848101265823	1
9e9f0c7f-81c2-4e0b-98f9-91ba3e52c8ab	0.8227848101265823	1
9e9f0c7f-81c2-4e0b-98f9-91ba3e52c8ab	0.8227848101265823	1
9e9f0c7f-81c2-4e0b-98f9-91ba3e52c8ab	0.8227848101265823	1
9e9f0c7f-81c2-4e0b-98f9-91ba3e52c8ab	0.8227848101265823	1
9e9f0c7f-81c2-4e0b-98f9-91ba3e52c8ab	0.8227848101265823	1
9e9f0c7f-81c2-4e0b-98f9-91ba3e52c8ab	0.8354430379746836	0.9850746268656716
9e9f0c7f-81c2-4e0b-98f9-91ba3e52c8ab	0.8481012658227848	0.9852941176470589
9e9f0c7f-81c2-4e0b-98f9-91ba3e52c8ab	0.8481012658227848	0.9852941176470589
9e9f0c7f-81c2-4e0b-98f9-91ba3e52c8ab	0.8481012658227848	0.9852941176470589
9e9f0c7f-81c2-4e0b-98f9-91ba3e52c8ab	0.8481012658227848	0.9852941176470589
9e9f0c7f-81c2-4e0b-98f9-91ba3e52c8ab	0.8481012658227848	0.9852941176470589
9e9f0c7f-81c2-4e0b-98f9-91ba3e52c8ab	0.8481012658227848	0.9852941176470589
9e9f0c7f-81c2-4e0b-98f9-91ba3e52c8ab	0.8481012658227848	0.9852941176470589
9e9f0c7f-81c2-4e0b-98f9-91ba3e52c8ab	0.8481012658227848	0.9852941176470589
9e9f0c7f-81c2-4e0b-98f9-91ba3e52c8ab	0.8481012658227848	0.9852941176470589
9e9f0c7f-81c2-4e0b-98f9-91ba3e52c8ab	0.8481012658227848	0.9852941176470589
9e9f0c7f-81c2-4e0b-98f9-91ba3e52c8ab	0.8481012658227848	0.9852941176470589
9e9f0c7f-81c2-4e0b-98f9-91ba3e52c8ab	0.8481012658227848	0.9852941176470589
9e9f0c7f-81c2-4e0b-98f9-91ba3e52c8ab	0.8607594936708861	0.9855072463768116
9e9f0c7f-81c2-4e0b-98f9-91ba3e52c8ab	0.8607594936708861	0.9855072463768116
9e9f0c7f-81c2-4e0b-98f9-91ba3e52c8ab	0.8607594936708861	0.9855072463768116
9e9f0c7f-81c2-4e0b-98f9-91ba3e52c8ab	0.8607594936708861	0.9855072463768116
9e9f0c7f-81c2-4e0b-98f9-91ba3e52c8ab	0.8607594936708861	0.9855072463768116
9e9f0c7f-81c2-4e0b-98f9-91ba3e52c8ab	0.8607594936708861	0.9855072463768116
9e9f0c7f-81c2-4e0b-98f9-91ba3e52c8ab	0.8607594936708861	0.9855072463768116
9e9f0c7f-81c2-4e0b-98f9-91ba3e52c8ab	0.8607594936708861	0.9855072463768116
9e9f0c7f-81c2-4e0b-98f9-91ba3e52c8ab	0.8607594936708861	0.9855072463768116
9e9f0c7f-81c2-4e0b-98f9-91ba3e52c8ab	0.8607594936708861	0.9855072463768116
9e9f0c7f-81c2-4e0b-98f9-91ba3e52c8ab	0.8607594936708861	0.9855072463768116
9e9f0c7f-81c2-4e0b-98f9-91ba3e52c8ab	0.8607594936708861	0.9855072463768116
9e9f0c7f-81c2-4e0b-98f9-91ba3e52c8ab	0.8607594936708861	0.9855072463768116
9e9f0c7f-81c2-4e0b-98f9-91ba3e52c8ab	0.8607594936708861	0.9855072463768116
9e9f0c7f-81c2-4e0b-98f9-91ba3e52c8ab	0.8607594936708861	0.9855072463768116
9e9f0c7f-81c2-4e0b-98f9-91ba3e52c8ab	0.8607594936708861	0.9855072463768116
9e9f0c7f-81c2-4e0b-98f9-91ba3e52c8ab	0.8860759493670886	0.9859154929577465
9e9f0c7f-81c2-4e0b-98f9-91ba3e52c8ab	0.8987341772151899	0.9594594594594594
9e9f0c7f-81c2-4e0b-98f9-91ba3e52c8ab	0.8987341772151899	0.9594594594594594
9e9f0c7f-81c2-4e0b-98f9-91ba3e52c8ab	0.8987341772151899	0.9594594594594594
9e9f0c7f-81c2-4e0b-98f9-91ba3e52c8ab	0.8987341772151899	0.9594594594594594
9e9f0c7f-81c2-4e0b-98f9-91ba3e52c8ab	0.8987341772151899	0.9594594594594594
9e9f0c7f-81c2-4e0b-98f9-91ba3e52c8ab	0.8987341772151899	0.9594594594594594
9e9f0c7f-81c2-4e0b-98f9-91ba3e52c8ab	0.8987341772151899	0.9594594594594594
9e9f0c7f-81c2-4e0b-98f9-91ba3e52c8ab	0.8987341772151899	0.9594594594594594
9e9f0c7f-81c2-4e0b-98f9-91ba3e52c8ab	0.8987341772151899	0.9594594594594594
9e9f0c7f-81c2-4e0b-98f9-91ba3e52c8ab	0.8987341772151899	0.9594594594594594
9e9f0c7f-81c2-4e0b-98f9-91ba3e52c8ab	0.8987341772151899	0.9594594594594594
9e9f0c7f-81c2-4e0b-98f9-91ba3e52c8ab	0.8987341772151899	0.9594594594594594
9e9f0c7f-81c2-4e0b-98f9-91ba3e52c8ab	0.8987341772151899	0.9594594594594594
9e9f0c7f-81c2-4e0b-98f9-91ba3e52c8ab	0.8987341772151899	0.9594594594594594
9e9f0c7f-81c2-4e0b-98f9-91ba3e52c8ab	0.8987341772151899	0.9594594594594594
9e9f0c7f-81c2-4e0b-98f9-91ba3e52c8ab	0.8987341772151899	0.9594594594594594
9e9f0c7f-81c2-4e0b-98f9-91ba3e52c8ab	0.8987341772151899	0.9594594594594594
9e9f0c7f-81c2-4e0b-98f9-91ba3e52c8ab	0.8987341772151899	0.9594594594594594
9e9f0c7f-81c2-4e0b-98f9-91ba3e52c8ab	0.8987341772151899	0.9594594594594594
9e9f0c7f-81c2-4e0b-98f9-91ba3e52c8ab	0.8987341772151899	0.9594594594594594
9e9f0c7f-81c2-4e0b-98f9-91ba3e52c8ab	0.8987341772151899	0.9594594594594594
9e9f0c7f-81c2-4e0b-98f9-91ba3e52c8ab	0.8987341772151899	0.9594594594594594
9e9f0c7f-81c2-4e0b-98f9-91ba3e52c8ab	0.8987341772151899	0.9594594594594594
9e9f0c7f-81c2-4e0b-98f9-91ba3e52c8ab	0.8987341772151899	0.9594594594594594
9e9f0c7f-81c2-4e0b-98f9-91ba3e52c8ab	0.8987341772151899	0.9594594594594594
9e9f0c7f-81c2-4e0b-98f9-91ba3e52c8ab	0.8987341772151899	0.9594594594594594
9e9f0c7f-81c2-4e0b-98f9-91ba3e52c8ab	0.8987341772151899	0.9594594594594594
9e9f0c7f-81c2-4e0b-98f9-91ba3e52c8ab	0.8987341772151899	0.9594594594594594
9e9f0c7f-81c2-4e0b-98f9-91ba3e52c8ab	0.8987341772151899	0.9594594594594594
9e9f0c7f-81c2-4e0b-98f9-91ba3e52c8ab	0.8987341772151899	0.9594594594594594
9e9f0c7f-81c2-4e0b-98f9-91ba3e52c8ab	0.8987341772151899	0.9594594594594594
9e9f0c7f-81c2-4e0b-98f9-91ba3e52c8ab	0.8987341772151899	0.9594594594594594
9e9f0c7f-81c2-4e0b-98f9-91ba3e52c8ab	0.8987341772151899	0.9594594594594594
9e9f0c7f-81c2-4e0b-98f9-91ba3e52c8ab	0.8987341772151899	0.9594594594594594
9e9f0c7f-81c2-4e0b-98f9-91ba3e52c8ab	0.8987341772151899	0.9594594594594594
9e9f0c7f-81c2-4e0b-98f9-91ba3e52c8ab	0.8987341772151899	0.9594594594594594
9e9f0c7f-81c2-4e0b-98f9-91ba3e52c8ab	0.8987341772151899	0.9594594594594594
9e9f0c7f-81c2-4e0b-98f9-91ba3e52c8ab	0.8987341772151899	0.9594594594594594
9e9f0c7f-81c2-4e0b-98f9-91ba3e52c8ab	0.8987341772151899	0.9594594594594594
9e9f0c7f-81c2-4e0b-98f9-91ba3e52c8ab	0.8987341772151899	0.9594594594594594
9e9f0c7f-81c2-4e0b-98f9-91ba3e52c8ab	0.8987341772151899	0.9594594594594594
9e9f0c7f-81c2-4e0b-98f9-91ba3e52c8ab	0.8987341772151899	0.9594594594594594
9e9f0c7f-81c2-4e0b-98f9-91ba3e52c8ab	0.8987341772151899	0.9594594594594594
9e9f0c7f-81c2-4e0b-98f9-91ba3e52c8ab	0.8987341772151899	0.9594594594594594
9e9f0c7f-81c2-4e0b-98f9-91ba3e52c8ab	0.8987341772151899	0.9594594594594594
9e9f0c7f-81c2-4e0b-98f9-91ba3e52c8ab	0.8987341772151899	0.9594594594594594
9e9f0c7f-81c2-4e0b-98f9-91ba3e52c8ab	0.8987341772151899	0.9594594594594594
9e9f0c7f-81c2-4e0b-98f9-91ba3e52c8ab	0.8987341772151899	0.9594594594594594
9e9f0c7f-81c2-4e0b-98f9-91ba3e52c8ab	0.8987341772151899	0.9594594594594594
9e9f0c7f-81c2-4e0b-98f9-91ba3e52c8ab	0.8987341772151899	0.9594594594594594
9e9f0c7f-81c2-4e0b-98f9-91ba3e52c8ab	0.8987341772151899	0.9594594594594594
9e9f0c7f-81c2-4e0b-98f9-91ba3e52c8ab	0.8987341772151899	0.9594594594594594
9e9f0c7f-81c2-4e0b-98f9-91ba3e52c8ab	0.8987341772151899	0.9594594594594594
9e9f0c7f-81c2-4e0b-98f9-91ba3e52c8ab	0.8987341772151899	0.9594594594594594
9e9f0c7f-81c2-4e0b-98f9-91ba3e52c8ab	0.8987341772151899	0.9594594594594594
9e9f0c7f-81c2-4e0b-98f9-91ba3e52c8ab	0.8987341772151899	0.9594594594594594
9e9f0c7f-81c2-4e0b-98f9-91ba3e52c8ab	0.8987341772151899	0.9594594594594594
9e9f0c7f-81c2-4e0b-98f9-91ba3e52c8ab	0.8987341772151899	0.9594594594594594
9e9f0c7f-81c2-4e0b-98f9-91ba3e52c8ab	0.8987341772151899	0.9594594594594594
9e9f0c7f-81c2-4e0b-98f9-91ba3e52c8ab	0.8987341772151899	0.9594594594594594
9e9f0c7f-81c2-4e0b-98f9-91ba3e52c8ab	0.8987341772151899	0.9594594594594594
9e9f0c7f-81c2-4e0b-98f9-91ba3e52c8ab	0.8987341772151899	0.9594594594594594
9e9f0c7f-81c2-4e0b-98f9-91ba3e52c8ab	0.8987341772151899	0.9594594594594594
9e9f0c7f-81c2-4e0b-98f9-91ba3e52c8ab	0.8987341772151899	0.9594594594594594
9e9f0c7f-81c2-4e0b-98f9-91ba3e52c8ab	0.8987341772151899	0.9594594594594594
9e9f0c7f-81c2-4e0b-98f9-91ba3e52c8ab	0.8987341772151899	0.9594594594594594
9e9f0c7f-81c2-4e0b-98f9-91ba3e52c8ab	0.8987341772151899	0.9594594594594594
9e9f0c7f-81c2-4e0b-98f9-91ba3e52c8ab	0.8987341772151899	0.9594594594594594
9e9f0c7f-81c2-4e0b-98f9-91ba3e52c8ab	0.8987341772151899	0.9594594594594594
9e9f0c7f-81c2-4e0b-98f9-91ba3e52c8ab	0.8987341772151899	0.9594594594594594
9e9f0c7f-81c2-4e0b-98f9-91ba3e52c8ab	0.8987341772151899	0.9594594594594594
9e9f0c7f-81c2-4e0b-98f9-91ba3e52c8ab	0.8987341772151899	0.9594594594594594
9e9f0c7f-81c2-4e0b-98f9-91ba3e52c8ab	0.8987341772151899	0.9594594594594594
9e9f0c7f-81c2-4e0b-98f9-91ba3e52c8ab	0.8987341772151899	0.9594594594594594
9e9f0c7f-81c2-4e0b-98f9-91ba3e52c8ab	0.8987341772151899	0.9594594594594594
9e9f0c7f-81c2-4e0b-98f9-91ba3e52c8ab	0.8987341772151899	0.9594594594594594
9e9f0c7f-81c2-4e0b-98f9-91ba3e52c8ab	0.8987341772151899	0.9594594594594594
9e9f0c7f-81c2-4e0b-98f9-91ba3e52c8ab	0.8987341772151899	0.9594594594594594
9e9f0c7f-81c2-4e0b-98f9-91ba3e52c8ab	0.8987341772151899	0.9594594594594594
9e9f0c7f-81c2-4e0b-98f9-91ba3e52c8ab	0.8987341772151899	0.9594594594594594
9e9f0c7f-81c2-4e0b-98f9-91ba3e52c8ab	0.8987341772151899	0.9594594594594594
9e9f0c7f-81c2-4e0b-98f9-91ba3e52c8ab	0.8987341772151899	0.9594594594594594
9e9f0c7f-81c2-4e0b-98f9-91ba3e52c8ab	0.8987341772151899	0.9594594594594594
9e9f0c7f-81c2-4e0b-98f9-91ba3e52c8ab	0.8987341772151899	0.9594594594594594
9e9f0c7f-81c2-4e0b-98f9-91ba3e52c8ab	0.8987341772151899	0.9594594594594594
9e9f0c7f-81c2-4e0b-98f9-91ba3e52c8ab	0.8987341772151899	0.9594594594594594
9e9f0c7f-81c2-4e0b-98f9-91ba3e52c8ab	0.8987341772151899	0.9594594594594594
9e9f0c7f-81c2-4e0b-98f9-91ba3e52c8ab	0.8987341772151899	0.9594594594594594
9e9f0c7f-81c2-4e0b-98f9-91ba3e52c8ab	0.8987341772151899	0.9594594594594594
9e9f0c7f-81c2-4e0b-98f9-91ba3e52c8ab	0.8987341772151899	0.9594594594594594
9e9f0c7f-81c2-4e0b-98f9-91ba3e52c8ab	0.8987341772151899	0.9594594594594594
9e9f0c7f-81c2-4e0b-98f9-91ba3e52c8ab	0.8987341772151899	0.9594594594594594
9e9f0c7f-81c2-4e0b-98f9-91ba3e52c8ab	0.8987341772151899	0.9594594594594594
9e9f0c7f-81c2-4e0b-98f9-91ba3e52c8ab	0.8987341772151899	0.9594594594594594
9e9f0c7f-81c2-4e0b-98f9-91ba3e52c8ab	0.8987341772151899	0.9594594594594594
9e9f0c7f-81c2-4e0b-98f9-91ba3e52c8ab	0.8987341772151899	0.9726027397260274
9e9f0c7f-81c2-4e0b-98f9-91ba3e52c8ab	0.8987341772151899	0.9726027397260274
9e9f0c7f-81c2-4e0b-98f9-91ba3e52c8ab	0.8987341772151899	0.9726027397260274
9e9f0c7f-81c2-4e0b-98f9-91ba3e52c8ab	0.8987341772151899	0.9726027397260274
9e9f0c7f-81c2-4e0b-98f9-91ba3e52c8ab	0.8987341772151899	0.9726027397260274
9e9f0c7f-81c2-4e0b-98f9-91ba3e52c8ab	0.8987341772151899	0.9726027397260274
9e9f0c7f-81c2-4e0b-98f9-91ba3e52c8ab	0.8987341772151899	0.9726027397260274
9e9f0c7f-81c2-4e0b-98f9-91ba3e52c8ab	0.8987341772151899	0.9726027397260274
9e9f0c7f-81c2-4e0b-98f9-91ba3e52c8ab	0.8987341772151899	0.9726027397260274
9e9f0c7f-81c2-4e0b-98f9-91ba3e52c8ab	0.8987341772151899	0.9726027397260274
9e9f0c7f-81c2-4e0b-98f9-91ba3e52c8ab	0.8987341772151899	0.9726027397260274
9e9f0c7f-81c2-4e0b-98f9-91ba3e52c8ab	0.8987341772151899	0.9726027397260274
9e9f0c7f-81c2-4e0b-98f9-91ba3e52c8ab	0.8987341772151899	0.9726027397260274
9e9f0c7f-81c2-4e0b-98f9-91ba3e52c8ab	0.8987341772151899	0.9726027397260274
9e9f0c7f-81c2-4e0b-98f9-91ba3e52c8ab	0.8987341772151899	0.9726027397260274
9e9f0c7f-81c2-4e0b-98f9-91ba3e52c8ab	0.8987341772151899	0.9726027397260274
9e9f0c7f-81c2-4e0b-98f9-91ba3e52c8ab	0.8987341772151899	0.9726027397260274
9e9f0c7f-81c2-4e0b-98f9-91ba3e52c8ab	0.8987341772151899	0.9726027397260274
9e9f0c7f-81c2-4e0b-98f9-91ba3e52c8ab	0.8987341772151899	0.9726027397260274
9e9f0c7f-81c2-4e0b-98f9-91ba3e52c8ab	0.8987341772151899	0.9726027397260274
9e9f0c7f-81c2-4e0b-98f9-91ba3e52c8ab	0.8987341772151899	0.9726027397260274
9e9f0c7f-81c2-4e0b-98f9-91ba3e52c8ab	0.8987341772151899	0.9726027397260274
9e9f0c7f-81c2-4e0b-98f9-91ba3e52c8ab	0.8987341772151899	0.9726027397260274
9e9f0c7f-81c2-4e0b-98f9-91ba3e52c8ab	0.8987341772151899	0.9726027397260274
9e9f0c7f-81c2-4e0b-98f9-91ba3e52c8ab	0.8987341772151899	0.9726027397260274
9e9f0c7f-81c2-4e0b-98f9-91ba3e52c8ab	0.8987341772151899	0.9726027397260274
9e9f0c7f-81c2-4e0b-98f9-91ba3e52c8ab	0.8987341772151899	0.9726027397260274
9e9f0c7f-81c2-4e0b-98f9-91ba3e52c8ab	0.8987341772151899	0.9726027397260274
9e9f0c7f-81c2-4e0b-98f9-91ba3e52c8ab	0.8987341772151899	0.9726027397260274
9e9f0c7f-81c2-4e0b-98f9-91ba3e52c8ab	0.8987341772151899	0.9726027397260274
9e9f0c7f-81c2-4e0b-98f9-91ba3e52c8ab	0.8987341772151899	0.9726027397260274
9e9f0c7f-81c2-4e0b-98f9-91ba3e52c8ab	0.8987341772151899	0.9726027397260274
9e9f0c7f-81c2-4e0b-98f9-91ba3e52c8ab	0.8987341772151899	0.9726027397260274
9e9f0c7f-81c2-4e0b-98f9-91ba3e52c8ab	0.8987341772151899	0.9726027397260274
9e9f0c7f-81c2-4e0b-98f9-91ba3e52c8ab	0.8987341772151899	0.9726027397260274
9e9f0c7f-81c2-4e0b-98f9-91ba3e52c8ab	0.8987341772151899	0.9726027397260274
9e9f0c7f-81c2-4e0b-98f9-91ba3e52c8ab	0.8987341772151899	0.9726027397260274
9e9f0c7f-81c2-4e0b-98f9-91ba3e52c8ab	0.8987341772151899	0.9726027397260274
9e9f0c7f-81c2-4e0b-98f9-91ba3e52c8ab	0.8987341772151899	0.9726027397260274
9e9f0c7f-81c2-4e0b-98f9-91ba3e52c8ab	0.8987341772151899	0.9861111111111112
9e9f0c7f-81c2-4e0b-98f9-91ba3e52c8ab	0.8987341772151899	0.9861111111111112
9e9f0c7f-81c2-4e0b-98f9-91ba3e52c8ab	0.8987341772151899	0.9861111111111112
9e9f0c7f-81c2-4e0b-98f9-91ba3e52c8ab	0.8987341772151899	0.9861111111111112
9e9f0c7f-81c2-4e0b-98f9-91ba3e52c8ab	0.8987341772151899	0.9861111111111112
9e9f0c7f-81c2-4e0b-98f9-91ba3e52c8ab	0.9113924050632911	0.96
9e9f0c7f-81c2-4e0b-98f9-91ba3e52c8ab	0.9113924050632911	0.96
9e9f0c7f-81c2-4e0b-98f9-91ba3e52c8ab	0.9113924050632911	0.96
9e9f0c7f-81c2-4e0b-98f9-91ba3e52c8ab	0.9113924050632911	0.96
9e9f0c7f-81c2-4e0b-98f9-91ba3e52c8ab	0.9113924050632911	0.96
9e9f0c7f-81c2-4e0b-98f9-91ba3e52c8ab	0.9113924050632911	0.96
9e9f0c7f-81c2-4e0b-98f9-91ba3e52c8ab	0.9113924050632911	0.96
9e9f0c7f-81c2-4e0b-98f9-91ba3e52c8ab	0.9113924050632911	0.96
9e9f0c7f-81c2-4e0b-98f9-91ba3e52c8ab	0.9113924050632911	0.96
9e9f0c7f-81c2-4e0b-98f9-91ba3e52c8ab	0.9113924050632911	0.96
9e9f0c7f-81c2-4e0b-98f9-91ba3e52c8ab	0.9113924050632911	0.96
9e9f0c7f-81c2-4e0b-98f9-91ba3e52c8ab	0.9113924050632911	0.96
9e9f0c7f-81c2-4e0b-98f9-91ba3e52c8ab	0.9113924050632911	0.96
9e9f0c7f-81c2-4e0b-98f9-91ba3e52c8ab	0.9113924050632911	0.96
9e9f0c7f-81c2-4e0b-98f9-91ba3e52c8ab	0.9113924050632911	0.96
9e9f0c7f-81c2-4e0b-98f9-91ba3e52c8ab	0.9113924050632911	0.96
9e9f0c7f-81c2-4e0b-98f9-91ba3e52c8ab	0.9240506329113924	0.9605263157894737
9e9f0c7f-81c2-4e0b-98f9-91ba3e52c8ab	0.9240506329113924	0.9605263157894737
9e9f0c7f-81c2-4e0b-98f9-91ba3e52c8ab	0.9240506329113924	0.9605263157894737
9e9f0c7f-81c2-4e0b-98f9-91ba3e52c8ab	0.9240506329113924	0.9605263157894737
9e9f0c7f-81c2-4e0b-98f9-91ba3e52c8ab	0.9240506329113924	0.9605263157894737
9e9f0c7f-81c2-4e0b-98f9-91ba3e52c8ab	0.9240506329113924	0.9605263157894737
9e9f0c7f-81c2-4e0b-98f9-91ba3e52c8ab	0.9240506329113924	0.9605263157894737
9e9f0c7f-81c2-4e0b-98f9-91ba3e52c8ab	0.9240506329113924	0.9605263157894737
9e9f0c7f-81c2-4e0b-98f9-91ba3e52c8ab	0.9240506329113924	0.9605263157894737
9e9f0c7f-81c2-4e0b-98f9-91ba3e52c8ab	0.9240506329113924	0.9605263157894737
9e9f0c7f-81c2-4e0b-98f9-91ba3e52c8ab	0.9240506329113924	0.9605263157894737
9e9f0c7f-81c2-4e0b-98f9-91ba3e52c8ab	0.9240506329113924	0.9605263157894737
9e9f0c7f-81c2-4e0b-98f9-91ba3e52c8ab	0.9240506329113924	0.9605263157894737
9e9f0c7f-81c2-4e0b-98f9-91ba3e52c8ab	0.9367088607594937	0.9135802469135802
9e9f0c7f-81c2-4e0b-98f9-91ba3e52c8ab	0.9367088607594937	0.9135802469135802
9e9f0c7f-81c2-4e0b-98f9-91ba3e52c8ab	0.9367088607594937	0.9135802469135802
9e9f0c7f-81c2-4e0b-98f9-91ba3e52c8ab	0.9367088607594937	0.9135802469135802
9e9f0c7f-81c2-4e0b-98f9-91ba3e52c8ab	0.9367088607594937	0.9135802469135802
9e9f0c7f-81c2-4e0b-98f9-91ba3e52c8ab	0.9367088607594937	0.9135802469135802
9e9f0c7f-81c2-4e0b-98f9-91ba3e52c8ab	0.9367088607594937	0.9135802469135802
9e9f0c7f-81c2-4e0b-98f9-91ba3e52c8ab	0.9367088607594937	0.9135802469135802
9e9f0c7f-81c2-4e0b-98f9-91ba3e52c8ab	0.9367088607594937	0.9135802469135802
9e9f0c7f-81c2-4e0b-98f9-91ba3e52c8ab	0.9367088607594937	0.9135802469135802
9e9f0c7f-81c2-4e0b-98f9-91ba3e52c8ab	0.9367088607594937	0.9135802469135802
9e9f0c7f-81c2-4e0b-98f9-91ba3e52c8ab	0.9367088607594937	0.9135802469135802
9e9f0c7f-81c2-4e0b-98f9-91ba3e52c8ab	0.9367088607594937	0.9135802469135802
9e9f0c7f-81c2-4e0b-98f9-91ba3e52c8ab	0.9367088607594937	0.9135802469135802
9e9f0c7f-81c2-4e0b-98f9-91ba3e52c8ab	0.9367088607594937	0.9135802469135802
9e9f0c7f-81c2-4e0b-98f9-91ba3e52c8ab	0.9367088607594937	0.9135802469135802
9e9f0c7f-81c2-4e0b-98f9-91ba3e52c8ab	0.9367088607594937	0.9135802469135802
9e9f0c7f-81c2-4e0b-98f9-91ba3e52c8ab	0.9367088607594937	0.9135802469135802
9e9f0c7f-81c2-4e0b-98f9-91ba3e52c8ab	0.9367088607594937	0.9135802469135802
9e9f0c7f-81c2-4e0b-98f9-91ba3e52c8ab	0.9367088607594937	0.9135802469135802
9e9f0c7f-81c2-4e0b-98f9-91ba3e52c8ab	0.9367088607594937	0.9135802469135802
9e9f0c7f-81c2-4e0b-98f9-91ba3e52c8ab	0.9367088607594937	0.9135802469135802
9e9f0c7f-81c2-4e0b-98f9-91ba3e52c8ab	0.9367088607594937	0.9135802469135802
9e9f0c7f-81c2-4e0b-98f9-91ba3e52c8ab	0.9367088607594937	0.9135802469135802
9e9f0c7f-81c2-4e0b-98f9-91ba3e52c8ab	0.9367088607594937	0.9135802469135802
9e9f0c7f-81c2-4e0b-98f9-91ba3e52c8ab	0.9367088607594937	0.9135802469135802
9e9f0c7f-81c2-4e0b-98f9-91ba3e52c8ab	0.9367088607594937	0.9135802469135802
9e9f0c7f-81c2-4e0b-98f9-91ba3e52c8ab	0.9367088607594937	0.9135802469135802
9e9f0c7f-81c2-4e0b-98f9-91ba3e52c8ab	0.9367088607594937	0.9135802469135802
9e9f0c7f-81c2-4e0b-98f9-91ba3e52c8ab	0.9367088607594937	0.9135802469135802
9e9f0c7f-81c2-4e0b-98f9-91ba3e52c8ab	0.9367088607594937	0.9135802469135802
9e9f0c7f-81c2-4e0b-98f9-91ba3e52c8ab	0.9367088607594937	0.925
9e9f0c7f-81c2-4e0b-98f9-91ba3e52c8ab	0.9367088607594937	0.925
9e9f0c7f-81c2-4e0b-98f9-91ba3e52c8ab	0.9367088607594937	0.925
9e9f0c7f-81c2-4e0b-98f9-91ba3e52c8ab	0.9367088607594937	0.925
9e9f0c7f-81c2-4e0b-98f9-91ba3e52c8ab	0.9367088607594937	0.925
9e9f0c7f-81c2-4e0b-98f9-91ba3e52c8ab	0.9367088607594937	0.9367088607594937
9e9f0c7f-81c2-4e0b-98f9-91ba3e52c8ab	0.9367088607594937	0.9367088607594937
9e9f0c7f-81c2-4e0b-98f9-91ba3e52c8ab	0.9367088607594937	0.9367088607594937
9e9f0c7f-81c2-4e0b-98f9-91ba3e52c8ab	0.9367088607594937	0.9367088607594937
9e9f0c7f-81c2-4e0b-98f9-91ba3e52c8ab	0.9367088607594937	0.9367088607594937
9e9f0c7f-81c2-4e0b-98f9-91ba3e52c8ab	0.9367088607594937	0.9367088607594937
9e9f0c7f-81c2-4e0b-98f9-91ba3e52c8ab	0.9367088607594937	0.9367088607594937
9e9f0c7f-81c2-4e0b-98f9-91ba3e52c8ab	0.9367088607594937	0.9367088607594937
9e9f0c7f-81c2-4e0b-98f9-91ba3e52c8ab	0.9367088607594937	0.9367088607594937
9e9f0c7f-81c2-4e0b-98f9-91ba3e52c8ab	0.9367088607594937	0.9367088607594937
9e9f0c7f-81c2-4e0b-98f9-91ba3e52c8ab	0.9367088607594937	0.9367088607594937
9e9f0c7f-81c2-4e0b-98f9-91ba3e52c8ab	0.9367088607594937	0.9367088607594937
9e9f0c7f-81c2-4e0b-98f9-91ba3e52c8ab	0.9367088607594937	0.9487179487179487
9e9f0c7f-81c2-4e0b-98f9-91ba3e52c8ab	0.9367088607594937	0.9487179487179487
9e9f0c7f-81c2-4e0b-98f9-91ba3e52c8ab	0.9367088607594937	0.9487179487179487
9e9f0c7f-81c2-4e0b-98f9-91ba3e52c8ab	0.9367088607594937	0.9487179487179487
9e9f0c7f-81c2-4e0b-98f9-91ba3e52c8ab	0.9367088607594937	0.9487179487179487
9e9f0c7f-81c2-4e0b-98f9-91ba3e52c8ab	0.9367088607594937	0.9487179487179487
9e9f0c7f-81c2-4e0b-98f9-91ba3e52c8ab	0.9367088607594937	0.9487179487179487
9e9f0c7f-81c2-4e0b-98f9-91ba3e52c8ab	0.9367088607594937	0.9487179487179487
9e9f0c7f-81c2-4e0b-98f9-91ba3e52c8ab	0.9367088607594937	0.9487179487179487
9e9f0c7f-81c2-4e0b-98f9-91ba3e52c8ab	0.9367088607594937	0.9487179487179487
9e9f0c7f-81c2-4e0b-98f9-91ba3e52c8ab	0.9367088607594937	0.9487179487179487
9e9f0c7f-81c2-4e0b-98f9-91ba3e52c8ab	0.9367088607594937	0.9487179487179487
9e9f0c7f-81c2-4e0b-98f9-91ba3e52c8ab	0.9367088607594937	0.9487179487179487
9e9f0c7f-81c2-4e0b-98f9-91ba3e52c8ab	0.9367088607594937	0.9487179487179487
9e9f0c7f-81c2-4e0b-98f9-91ba3e52c8ab	0.9367088607594937	0.9487179487179487
9e9f0c7f-81c2-4e0b-98f9-91ba3e52c8ab	0.9367088607594937	0.9487179487179487
9e9f0c7f-81c2-4e0b-98f9-91ba3e52c8ab	0.9367088607594937	0.9487179487179487
9e9f0c7f-81c2-4e0b-98f9-91ba3e52c8ab	0.9367088607594937	0.9487179487179487
9e9f0c7f-81c2-4e0b-98f9-91ba3e52c8ab	0.9367088607594937	0.9487179487179487
9e9f0c7f-81c2-4e0b-98f9-91ba3e52c8ab	0.9367088607594937	0.9487179487179487
9e9f0c7f-81c2-4e0b-98f9-91ba3e52c8ab	0.9367088607594937	0.9487179487179487
9e9f0c7f-81c2-4e0b-98f9-91ba3e52c8ab	0.9367088607594937	0.9487179487179487
9e9f0c7f-81c2-4e0b-98f9-91ba3e52c8ab	0.9367088607594937	0.9487179487179487
9e9f0c7f-81c2-4e0b-98f9-91ba3e52c8ab	0.9367088607594937	0.961038961038961
9e9f0c7f-81c2-4e0b-98f9-91ba3e52c8ab	0.9367088607594937	0.961038961038961
9e9f0c7f-81c2-4e0b-98f9-91ba3e52c8ab	0.9367088607594937	0.961038961038961
9e9f0c7f-81c2-4e0b-98f9-91ba3e52c8ab	0.9367088607594937	0.961038961038961
9e9f0c7f-81c2-4e0b-98f9-91ba3e52c8ab	0.9367088607594937	0.961038961038961
9e9f0c7f-81c2-4e0b-98f9-91ba3e52c8ab	0.9367088607594937	0.961038961038961
9e9f0c7f-81c2-4e0b-98f9-91ba3e52c8ab	0.9367088607594937	0.961038961038961
9e9f0c7f-81c2-4e0b-98f9-91ba3e52c8ab	0.9367088607594937	0.961038961038961
9e9f0c7f-81c2-4e0b-98f9-91ba3e52c8ab	0.9367088607594937	0.961038961038961
9e9f0c7f-81c2-4e0b-98f9-91ba3e52c8ab	0.9367088607594937	0.961038961038961
9e9f0c7f-81c2-4e0b-98f9-91ba3e52c8ab	0.9367088607594937	0.961038961038961
9e9f0c7f-81c2-4e0b-98f9-91ba3e52c8ab	0.9367088607594937	0.961038961038961
9e9f0c7f-81c2-4e0b-98f9-91ba3e52c8ab	0.9367088607594937	0.961038961038961
9e9f0c7f-81c2-4e0b-98f9-91ba3e52c8ab	0.9367088607594937	0.961038961038961
9e9f0c7f-81c2-4e0b-98f9-91ba3e52c8ab	0.9367088607594937	0.961038961038961
9e9f0c7f-81c2-4e0b-98f9-91ba3e52c8ab	0.9367088607594937	0.961038961038961
9e9f0c7f-81c2-4e0b-98f9-91ba3e52c8ab	0.9367088607594937	0.961038961038961
9e9f0c7f-81c2-4e0b-98f9-91ba3e52c8ab	0.9367088607594937	0.961038961038961
9e9f0c7f-81c2-4e0b-98f9-91ba3e52c8ab	0.9367088607594937	0.961038961038961
9e9f0c7f-81c2-4e0b-98f9-91ba3e52c8ab	0.9367088607594937	0.961038961038961
9e9f0c7f-81c2-4e0b-98f9-91ba3e52c8ab	0.9367088607594937	0.961038961038961
9e9f0c7f-81c2-4e0b-98f9-91ba3e52c8ab	0.9367088607594937	0.961038961038961
9e9f0c7f-81c2-4e0b-98f9-91ba3e52c8ab	0.9367088607594937	0.961038961038961
9e9f0c7f-81c2-4e0b-98f9-91ba3e52c8ab	0.9367088607594937	0.961038961038961
9e9f0c7f-81c2-4e0b-98f9-91ba3e52c8ab	0.9367088607594937	0.961038961038961
9e9f0c7f-81c2-4e0b-98f9-91ba3e52c8ab	0.9367088607594937	0.961038961038961
9e9f0c7f-81c2-4e0b-98f9-91ba3e52c8ab	0.9493670886075949	0.9146341463414634
9e9f0c7f-81c2-4e0b-98f9-91ba3e52c8ab	0.9493670886075949	0.9146341463414634
9e9f0c7f-81c2-4e0b-98f9-91ba3e52c8ab	0.9493670886075949	0.9146341463414634
9e9f0c7f-81c2-4e0b-98f9-91ba3e52c8ab	0.9493670886075949	0.9146341463414634
9e9f0c7f-81c2-4e0b-98f9-91ba3e52c8ab	0.9493670886075949	0.9146341463414634
9e9f0c7f-81c2-4e0b-98f9-91ba3e52c8ab	0.9620253164556962	0.8837209302325582
9e9f0c7f-81c2-4e0b-98f9-91ba3e52c8ab	0.9620253164556962	0.8941176470588236
9e9f0c7f-81c2-4e0b-98f9-91ba3e52c8ab	0.9620253164556962	0.8941176470588236
9e9f0c7f-81c2-4e0b-98f9-91ba3e52c8ab	0.9620253164556962	0.8941176470588236
9e9f0c7f-81c2-4e0b-98f9-91ba3e52c8ab	0.9620253164556962	0.8941176470588236
9e9f0c7f-81c2-4e0b-98f9-91ba3e52c8ab	0.9620253164556962	0.8941176470588236
9e9f0c7f-81c2-4e0b-98f9-91ba3e52c8ab	0.9620253164556962	0.8941176470588236
9e9f0c7f-81c2-4e0b-98f9-91ba3e52c8ab	0.9620253164556962	0.8941176470588236
9e9f0c7f-81c2-4e0b-98f9-91ba3e52c8ab	0.9620253164556962	0.8941176470588236
9e9f0c7f-81c2-4e0b-98f9-91ba3e52c8ab	0.9620253164556962	0.8941176470588236
9e9f0c7f-81c2-4e0b-98f9-91ba3e52c8ab	0.9620253164556962	0.8941176470588236
9e9f0c7f-81c2-4e0b-98f9-91ba3e52c8ab	0.9620253164556962	0.8941176470588236
9e9f0c7f-81c2-4e0b-98f9-91ba3e52c8ab	0.9620253164556962	0.9047619047619048
9e9f0c7f-81c2-4e0b-98f9-91ba3e52c8ab	0.9620253164556962	0.9047619047619048
9e9f0c7f-81c2-4e0b-98f9-91ba3e52c8ab	0.9620253164556962	0.9047619047619048
9e9f0c7f-81c2-4e0b-98f9-91ba3e52c8ab	0.9620253164556962	0.9047619047619048
9e9f0c7f-81c2-4e0b-98f9-91ba3e52c8ab	0.9620253164556962	0.9047619047619048
9e9f0c7f-81c2-4e0b-98f9-91ba3e52c8ab	0.9620253164556962	0.9047619047619048
9e9f0c7f-81c2-4e0b-98f9-91ba3e52c8ab	0.9620253164556962	0.9047619047619048
9e9f0c7f-81c2-4e0b-98f9-91ba3e52c8ab	0.9620253164556962	0.9047619047619048
9e9f0c7f-81c2-4e0b-98f9-91ba3e52c8ab	0.9620253164556962	0.9047619047619048
9e9f0c7f-81c2-4e0b-98f9-91ba3e52c8ab	0.9620253164556962	0.9047619047619048
9e9f0c7f-81c2-4e0b-98f9-91ba3e52c8ab	0.9620253164556962	0.9047619047619048
9e9f0c7f-81c2-4e0b-98f9-91ba3e52c8ab	0.9620253164556962	0.9047619047619048
9e9f0c7f-81c2-4e0b-98f9-91ba3e52c8ab	0.9620253164556962	0.9047619047619048
9e9f0c7f-81c2-4e0b-98f9-91ba3e52c8ab	0.9620253164556962	0.9047619047619048
9e9f0c7f-81c2-4e0b-98f9-91ba3e52c8ab	0.9620253164556962	0.9047619047619048
9e9f0c7f-81c2-4e0b-98f9-91ba3e52c8ab	0.9620253164556962	0.9047619047619048
9e9f0c7f-81c2-4e0b-98f9-91ba3e52c8ab	0.9620253164556962	0.9047619047619048
9e9f0c7f-81c2-4e0b-98f9-91ba3e52c8ab	0.9620253164556962	0.9047619047619048
9e9f0c7f-81c2-4e0b-98f9-91ba3e52c8ab	0.9620253164556962	0.9047619047619048
9e9f0c7f-81c2-4e0b-98f9-91ba3e52c8ab	0.9620253164556962	0.9047619047619048
9e9f0c7f-81c2-4e0b-98f9-91ba3e52c8ab	0.9620253164556962	0.9047619047619048
9e9f0c7f-81c2-4e0b-98f9-91ba3e52c8ab	0.9620253164556962	0.9047619047619048
9e9f0c7f-81c2-4e0b-98f9-91ba3e52c8ab	0.9620253164556962	0.9047619047619048
9e9f0c7f-81c2-4e0b-98f9-91ba3e52c8ab	0.9620253164556962	0.9047619047619048
9e9f0c7f-81c2-4e0b-98f9-91ba3e52c8ab	0.9620253164556962	0.9047619047619048
9e9f0c7f-81c2-4e0b-98f9-91ba3e52c8ab	0.9620253164556962	0.9047619047619048
9e9f0c7f-81c2-4e0b-98f9-91ba3e52c8ab	0.9620253164556962	0.9047619047619048
9e9f0c7f-81c2-4e0b-98f9-91ba3e52c8ab	0.9620253164556962	0.9047619047619048
9e9f0c7f-81c2-4e0b-98f9-91ba3e52c8ab	0.9620253164556962	0.9047619047619048
9e9f0c7f-81c2-4e0b-98f9-91ba3e52c8ab	0.9620253164556962	0.9047619047619048
9e9f0c7f-81c2-4e0b-98f9-91ba3e52c8ab	0.9620253164556962	0.9047619047619048
9e9f0c7f-81c2-4e0b-98f9-91ba3e52c8ab	0.9620253164556962	0.9047619047619048
9e9f0c7f-81c2-4e0b-98f9-91ba3e52c8ab	0.9620253164556962	0.9047619047619048
9e9f0c7f-81c2-4e0b-98f9-91ba3e52c8ab	0.9620253164556962	0.9047619047619048
9e9f0c7f-81c2-4e0b-98f9-91ba3e52c8ab	0.9620253164556962	0.9047619047619048
9e9f0c7f-81c2-4e0b-98f9-91ba3e52c8ab	0.9620253164556962	0.9047619047619048
9e9f0c7f-81c2-4e0b-98f9-91ba3e52c8ab	0.9620253164556962	0.9047619047619048
9e9f0c7f-81c2-4e0b-98f9-91ba3e52c8ab	0.9620253164556962	0.9047619047619048
9e9f0c7f-81c2-4e0b-98f9-91ba3e52c8ab	0.9620253164556962	0.9047619047619048
9e9f0c7f-81c2-4e0b-98f9-91ba3e52c8ab	0.9620253164556962	0.9047619047619048
9e9f0c7f-81c2-4e0b-98f9-91ba3e52c8ab	0.9620253164556962	0.9047619047619048
9e9f0c7f-81c2-4e0b-98f9-91ba3e52c8ab	0.9620253164556962	0.9047619047619048
9e9f0c7f-81c2-4e0b-98f9-91ba3e52c8ab	0.9620253164556962	0.9047619047619048
9e9f0c7f-81c2-4e0b-98f9-91ba3e52c8ab	0.9620253164556962	0.9047619047619048
9e9f0c7f-81c2-4e0b-98f9-91ba3e52c8ab	0.9620253164556962	0.9047619047619048
9e9f0c7f-81c2-4e0b-98f9-91ba3e52c8ab	0.9620253164556962	0.9047619047619048
9e9f0c7f-81c2-4e0b-98f9-91ba3e52c8ab	0.9620253164556962	0.9047619047619048
9e9f0c7f-81c2-4e0b-98f9-91ba3e52c8ab	0.9620253164556962	0.9047619047619048
9e9f0c7f-81c2-4e0b-98f9-91ba3e52c8ab	0.9620253164556962	0.9047619047619048
9e9f0c7f-81c2-4e0b-98f9-91ba3e52c8ab	0.9620253164556962	0.9047619047619048
9e9f0c7f-81c2-4e0b-98f9-91ba3e52c8ab	0.9620253164556962	0.9047619047619048
9e9f0c7f-81c2-4e0b-98f9-91ba3e52c8ab	0.9620253164556962	0.9047619047619048
9e9f0c7f-81c2-4e0b-98f9-91ba3e52c8ab	0.9620253164556962	0.9047619047619048
9e9f0c7f-81c2-4e0b-98f9-91ba3e52c8ab	0.9620253164556962	0.9047619047619048
9e9f0c7f-81c2-4e0b-98f9-91ba3e52c8ab	0.9620253164556962	0.9047619047619048
9e9f0c7f-81c2-4e0b-98f9-91ba3e52c8ab	0.9620253164556962	0.9047619047619048
9e9f0c7f-81c2-4e0b-98f9-91ba3e52c8ab	0.9620253164556962	0.9047619047619048
9e9f0c7f-81c2-4e0b-98f9-91ba3e52c8ab	0.9620253164556962	0.9047619047619048
9e9f0c7f-81c2-4e0b-98f9-91ba3e52c8ab	0.9620253164556962	0.9047619047619048
9e9f0c7f-81c2-4e0b-98f9-91ba3e52c8ab	0.9620253164556962	0.9047619047619048
9e9f0c7f-81c2-4e0b-98f9-91ba3e52c8ab	0.9620253164556962	0.9047619047619048
9e9f0c7f-81c2-4e0b-98f9-91ba3e52c8ab	0.9620253164556962	0.9047619047619048
9e9f0c7f-81c2-4e0b-98f9-91ba3e52c8ab	0.9620253164556962	0.9047619047619048
9e9f0c7f-81c2-4e0b-98f9-91ba3e52c8ab	0.9620253164556962	0.9047619047619048
9e9f0c7f-81c2-4e0b-98f9-91ba3e52c8ab	0.9620253164556962	0.9047619047619048
9e9f0c7f-81c2-4e0b-98f9-91ba3e52c8ab	0.9620253164556962	0.9047619047619048
9e9f0c7f-81c2-4e0b-98f9-91ba3e52c8ab	0.9620253164556962	0.9047619047619048
9e9f0c7f-81c2-4e0b-98f9-91ba3e52c8ab	0.9620253164556962	0.9047619047619048
9e9f0c7f-81c2-4e0b-98f9-91ba3e52c8ab	0.9620253164556962	0.9047619047619048
9e9f0c7f-81c2-4e0b-98f9-91ba3e52c8ab	0.9620253164556962	0.9047619047619048
9e9f0c7f-81c2-4e0b-98f9-91ba3e52c8ab	0.9620253164556962	0.9047619047619048
9e9f0c7f-81c2-4e0b-98f9-91ba3e52c8ab	0.9620253164556962	0.9047619047619048
9e9f0c7f-81c2-4e0b-98f9-91ba3e52c8ab	0.9620253164556962	0.9047619047619048
9e9f0c7f-81c2-4e0b-98f9-91ba3e52c8ab	0.9620253164556962	0.9047619047619048
9e9f0c7f-81c2-4e0b-98f9-91ba3e52c8ab	0.9620253164556962	0.9047619047619048
9e9f0c7f-81c2-4e0b-98f9-91ba3e52c8ab	0.9620253164556962	0.9047619047619048
9e9f0c7f-81c2-4e0b-98f9-91ba3e52c8ab	0.9620253164556962	0.9047619047619048
9e9f0c7f-81c2-4e0b-98f9-91ba3e52c8ab	0.9620253164556962	0.9047619047619048
9e9f0c7f-81c2-4e0b-98f9-91ba3e52c8ab	0.9620253164556962	0.9047619047619048
9e9f0c7f-81c2-4e0b-98f9-91ba3e52c8ab	0.9620253164556962	0.9047619047619048
9e9f0c7f-81c2-4e0b-98f9-91ba3e52c8ab	0.9620253164556962	0.9047619047619048
9e9f0c7f-81c2-4e0b-98f9-91ba3e52c8ab	0.9620253164556962	0.9047619047619048
9e9f0c7f-81c2-4e0b-98f9-91ba3e52c8ab	0.9620253164556962	0.9047619047619048
9e9f0c7f-81c2-4e0b-98f9-91ba3e52c8ab	0.9620253164556962	0.9047619047619048
9e9f0c7f-81c2-4e0b-98f9-91ba3e52c8ab	0.9620253164556962	0.9047619047619048
9e9f0c7f-81c2-4e0b-98f9-91ba3e52c8ab	0.9620253164556962	0.9047619047619048
9e9f0c7f-81c2-4e0b-98f9-91ba3e52c8ab	0.9620253164556962	0.9047619047619048
9e9f0c7f-81c2-4e0b-98f9-91ba3e52c8ab	0.9620253164556962	0.9047619047619048
9e9f0c7f-81c2-4e0b-98f9-91ba3e52c8ab	0.9620253164556962	0.9047619047619048
9e9f0c7f-81c2-4e0b-98f9-91ba3e52c8ab	0.9620253164556962	0.9047619047619048
9e9f0c7f-81c2-4e0b-98f9-91ba3e52c8ab	0.9620253164556962	0.9047619047619048
9e9f0c7f-81c2-4e0b-98f9-91ba3e52c8ab	0.9620253164556962	0.9156626506024096
9e9f0c7f-81c2-4e0b-98f9-91ba3e52c8ab	0.9746835443037974	0.8850574712643678
9e9f0c7f-81c2-4e0b-98f9-91ba3e52c8ab	0.9746835443037974	0.8850574712643678
9e9f0c7f-81c2-4e0b-98f9-91ba3e52c8ab	0.9746835443037974	0.8850574712643678
9e9f0c7f-81c2-4e0b-98f9-91ba3e52c8ab	0.9746835443037974	0.8850574712643678
9e9f0c7f-81c2-4e0b-98f9-91ba3e52c8ab	0.9746835443037974	0.8850574712643678
9e9f0c7f-81c2-4e0b-98f9-91ba3e52c8ab	0.9746835443037974	0.8850574712643678
9e9f0c7f-81c2-4e0b-98f9-91ba3e52c8ab	0.9746835443037974	0.8850574712643678
9e9f0c7f-81c2-4e0b-98f9-91ba3e52c8ab	0.9746835443037974	0.8850574712643678
9e9f0c7f-81c2-4e0b-98f9-91ba3e52c8ab	0.9746835443037974	0.8850574712643678
9e9f0c7f-81c2-4e0b-98f9-91ba3e52c8ab	0.9746835443037974	0.8850574712643678
9e9f0c7f-81c2-4e0b-98f9-91ba3e52c8ab	0.9746835443037974	0.8850574712643678
9e9f0c7f-81c2-4e0b-98f9-91ba3e52c8ab	0.9746835443037974	0.8850574712643678
9e9f0c7f-81c2-4e0b-98f9-91ba3e52c8ab	0.9746835443037974	0.8850574712643678
9e9f0c7f-81c2-4e0b-98f9-91ba3e52c8ab	0.9746835443037974	0.8850574712643678
9e9f0c7f-81c2-4e0b-98f9-91ba3e52c8ab	0.9746835443037974	0.8850574712643678
9e9f0c7f-81c2-4e0b-98f9-91ba3e52c8ab	0.9746835443037974	0.8850574712643678
9e9f0c7f-81c2-4e0b-98f9-91ba3e52c8ab	0.9746835443037974	0.8850574712643678
9e9f0c7f-81c2-4e0b-98f9-91ba3e52c8ab	0.9746835443037974	0.8850574712643678
9e9f0c7f-81c2-4e0b-98f9-91ba3e52c8ab	0.9873417721518988	0.75
9e9f0c7f-81c2-4e0b-98f9-91ba3e52c8ab	0.9873417721518988	0.75
9e9f0c7f-81c2-4e0b-98f9-91ba3e52c8ab	0.9873417721518988	0.7647058823529411
9e9f0c7f-81c2-4e0b-98f9-91ba3e52c8ab	0.9873417721518988	0.7647058823529411
9e9f0c7f-81c2-4e0b-98f9-91ba3e52c8ab	0.9873417721518988	0.7722772277227723
9e9f0c7f-81c2-4e0b-98f9-91ba3e52c8ab	0.9873417721518988	0.7722772277227723
9e9f0c7f-81c2-4e0b-98f9-91ba3e52c8ab	0.9873417721518988	0.7722772277227723
9e9f0c7f-81c2-4e0b-98f9-91ba3e52c8ab	0.9873417721518988	0.7722772277227723
9e9f0c7f-81c2-4e0b-98f9-91ba3e52c8ab	0.9873417721518988	0.7722772277227723
9e9f0c7f-81c2-4e0b-98f9-91ba3e52c8ab	0.9873417721518988	0.78
9e9f0c7f-81c2-4e0b-98f9-91ba3e52c8ab	0.9873417721518988	0.78
9e9f0c7f-81c2-4e0b-98f9-91ba3e52c8ab	0.9873417721518988	0.78
9e9f0c7f-81c2-4e0b-98f9-91ba3e52c8ab	0.9873417721518988	0.78
9e9f0c7f-81c2-4e0b-98f9-91ba3e52c8ab	0.9873417721518988	0.7878787878787878
9e9f0c7f-81c2-4e0b-98f9-91ba3e52c8ab	0.9873417721518988	0.7878787878787878
9e9f0c7f-81c2-4e0b-98f9-91ba3e52c8ab	0.9873417721518988	0.7878787878787878
9e9f0c7f-81c2-4e0b-98f9-91ba3e52c8ab	0.9873417721518988	0.7878787878787878
9e9f0c7f-81c2-4e0b-98f9-91ba3e52c8ab	0.9873417721518988	0.7878787878787878
9e9f0c7f-81c2-4e0b-98f9-91ba3e52c8ab	0.9873417721518988	0.7878787878787878
9e9f0c7f-81c2-4e0b-98f9-91ba3e52c8ab	0.9873417721518988	0.7878787878787878
9e9f0c7f-81c2-4e0b-98f9-91ba3e52c8ab	0.9873417721518988	0.7878787878787878
9e9f0c7f-81c2-4e0b-98f9-91ba3e52c8ab	0.9873417721518988	0.7878787878787878
9e9f0c7f-81c2-4e0b-98f9-91ba3e52c8ab	0.9873417721518988	0.7878787878787878
9e9f0c7f-81c2-4e0b-98f9-91ba3e52c8ab	0.9873417721518988	0.7878787878787878
9e9f0c7f-81c2-4e0b-98f9-91ba3e52c8ab	0.9873417721518988	0.7878787878787878
9e9f0c7f-81c2-4e0b-98f9-91ba3e52c8ab	0.9873417721518988	0.7878787878787878
9e9f0c7f-81c2-4e0b-98f9-91ba3e52c8ab	0.9873417721518988	0.7878787878787878
9e9f0c7f-81c2-4e0b-98f9-91ba3e52c8ab	0.9873417721518988	0.7878787878787878
9e9f0c7f-81c2-4e0b-98f9-91ba3e52c8ab	0.9873417721518988	0.7959183673469388
9e9f0c7f-81c2-4e0b-98f9-91ba3e52c8ab	0.9873417721518988	0.7959183673469388
9e9f0c7f-81c2-4e0b-98f9-91ba3e52c8ab	0.9873417721518988	0.7959183673469388
9e9f0c7f-81c2-4e0b-98f9-91ba3e52c8ab	0.9873417721518988	0.7959183673469388
9e9f0c7f-81c2-4e0b-98f9-91ba3e52c8ab	0.9873417721518988	0.7959183673469388
9e9f0c7f-81c2-4e0b-98f9-91ba3e52c8ab	0.9873417721518988	0.7959183673469388
9e9f0c7f-81c2-4e0b-98f9-91ba3e52c8ab	0.9873417721518988	0.8041237113402062
9e9f0c7f-81c2-4e0b-98f9-91ba3e52c8ab	0.9873417721518988	0.8041237113402062
9e9f0c7f-81c2-4e0b-98f9-91ba3e52c8ab	0.9873417721518988	0.8041237113402062
9e9f0c7f-81c2-4e0b-98f9-91ba3e52c8ab	0.9873417721518988	0.8041237113402062
9e9f0c7f-81c2-4e0b-98f9-91ba3e52c8ab	0.9873417721518988	0.8041237113402062
9e9f0c7f-81c2-4e0b-98f9-91ba3e52c8ab	0.9873417721518988	0.8041237113402062
9e9f0c7f-81c2-4e0b-98f9-91ba3e52c8ab	0.9873417721518988	0.8041237113402062
9e9f0c7f-81c2-4e0b-98f9-91ba3e52c8ab	0.9873417721518988	0.8041237113402062
9e9f0c7f-81c2-4e0b-98f9-91ba3e52c8ab	0.9873417721518988	0.8041237113402062
9e9f0c7f-81c2-4e0b-98f9-91ba3e52c8ab	0.9873417721518988	0.8041237113402062
9e9f0c7f-81c2-4e0b-98f9-91ba3e52c8ab	0.9873417721518988	0.8041237113402062
9e9f0c7f-81c2-4e0b-98f9-91ba3e52c8ab	0.9873417721518988	0.8041237113402062
9e9f0c7f-81c2-4e0b-98f9-91ba3e52c8ab	0.9873417721518988	0.8041237113402062
9e9f0c7f-81c2-4e0b-98f9-91ba3e52c8ab	0.9873417721518988	0.8041237113402062
9e9f0c7f-81c2-4e0b-98f9-91ba3e52c8ab	0.9873417721518988	0.8125
9e9f0c7f-81c2-4e0b-98f9-91ba3e52c8ab	0.9873417721518988	0.8125
9e9f0c7f-81c2-4e0b-98f9-91ba3e52c8ab	0.9873417721518988	0.8210526315789474
9e9f0c7f-81c2-4e0b-98f9-91ba3e52c8ab	0.9873417721518988	0.8210526315789474
9e9f0c7f-81c2-4e0b-98f9-91ba3e52c8ab	0.9873417721518988	0.8210526315789474
9e9f0c7f-81c2-4e0b-98f9-91ba3e52c8ab	0.9873417721518988	0.8210526315789474
9e9f0c7f-81c2-4e0b-98f9-91ba3e52c8ab	0.9873417721518988	0.8210526315789474
9e9f0c7f-81c2-4e0b-98f9-91ba3e52c8ab	0.9873417721518988	0.8210526315789474
9e9f0c7f-81c2-4e0b-98f9-91ba3e52c8ab	0.9873417721518988	0.8210526315789474
9e9f0c7f-81c2-4e0b-98f9-91ba3e52c8ab	0.9873417721518988	0.8210526315789474
9e9f0c7f-81c2-4e0b-98f9-91ba3e52c8ab	0.9873417721518988	0.8210526315789474
9e9f0c7f-81c2-4e0b-98f9-91ba3e52c8ab	0.9873417721518988	0.8210526315789474
9e9f0c7f-81c2-4e0b-98f9-91ba3e52c8ab	0.9873417721518988	0.8210526315789474
9e9f0c7f-81c2-4e0b-98f9-91ba3e52c8ab	0.9873417721518988	0.8210526315789474
9e9f0c7f-81c2-4e0b-98f9-91ba3e52c8ab	0.9873417721518988	0.8210526315789474
9e9f0c7f-81c2-4e0b-98f9-91ba3e52c8ab	0.9873417721518988	0.8210526315789474
9e9f0c7f-81c2-4e0b-98f9-91ba3e52c8ab	0.9873417721518988	0.8210526315789474
9e9f0c7f-81c2-4e0b-98f9-91ba3e52c8ab	0.9873417721518988	0.8210526315789474
9e9f0c7f-81c2-4e0b-98f9-91ba3e52c8ab	0.9873417721518988	0.8210526315789474
9e9f0c7f-81c2-4e0b-98f9-91ba3e52c8ab	0.9873417721518988	0.8210526315789474
9e9f0c7f-81c2-4e0b-98f9-91ba3e52c8ab	0.9873417721518988	0.8210526315789474
9e9f0c7f-81c2-4e0b-98f9-91ba3e52c8ab	0.9873417721518988	0.8210526315789474
9e9f0c7f-81c2-4e0b-98f9-91ba3e52c8ab	0.9873417721518988	0.8210526315789474
9e9f0c7f-81c2-4e0b-98f9-91ba3e52c8ab	0.9873417721518988	0.8210526315789474
9e9f0c7f-81c2-4e0b-98f9-91ba3e52c8ab	0.9873417721518988	0.8210526315789474
9e9f0c7f-81c2-4e0b-98f9-91ba3e52c8ab	0.9873417721518988	0.8210526315789474
9e9f0c7f-81c2-4e0b-98f9-91ba3e52c8ab	0.9873417721518988	0.8210526315789474
9e9f0c7f-81c2-4e0b-98f9-91ba3e52c8ab	0.9873417721518988	0.8210526315789474
9e9f0c7f-81c2-4e0b-98f9-91ba3e52c8ab	0.9873417721518988	0.8210526315789474
9e9f0c7f-81c2-4e0b-98f9-91ba3e52c8ab	0.9873417721518988	0.8297872340425532
9e9f0c7f-81c2-4e0b-98f9-91ba3e52c8ab	0.9873417721518988	0.8297872340425532
9e9f0c7f-81c2-4e0b-98f9-91ba3e52c8ab	0.9873417721518988	0.8297872340425532
9e9f0c7f-81c2-4e0b-98f9-91ba3e52c8ab	0.9873417721518988	0.8297872340425532
9e9f0c7f-81c2-4e0b-98f9-91ba3e52c8ab	0.9873417721518988	0.8297872340425532
9e9f0c7f-81c2-4e0b-98f9-91ba3e52c8ab	0.9873417721518988	0.8297872340425532
9e9f0c7f-81c2-4e0b-98f9-91ba3e52c8ab	0.9873417721518988	0.8297872340425532
9e9f0c7f-81c2-4e0b-98f9-91ba3e52c8ab	0.9873417721518988	0.8297872340425532
9e9f0c7f-81c2-4e0b-98f9-91ba3e52c8ab	0.9873417721518988	0.8297872340425532
9e9f0c7f-81c2-4e0b-98f9-91ba3e52c8ab	0.9873417721518988	0.8297872340425532
9e9f0c7f-81c2-4e0b-98f9-91ba3e52c8ab	0.9873417721518988	0.8297872340425532
9e9f0c7f-81c2-4e0b-98f9-91ba3e52c8ab	0.9873417721518988	0.8297872340425532
9e9f0c7f-81c2-4e0b-98f9-91ba3e52c8ab	0.9873417721518988	0.8297872340425532
9e9f0c7f-81c2-4e0b-98f9-91ba3e52c8ab	0.9873417721518988	0.8297872340425532
9e9f0c7f-81c2-4e0b-98f9-91ba3e52c8ab	0.9873417721518988	0.8297872340425532
9e9f0c7f-81c2-4e0b-98f9-91ba3e52c8ab	0.9873417721518988	0.8297872340425532
9e9f0c7f-81c2-4e0b-98f9-91ba3e52c8ab	0.9873417721518988	0.8297872340425532
9e9f0c7f-81c2-4e0b-98f9-91ba3e52c8ab	0.9873417721518988	0.8297872340425532
9e9f0c7f-81c2-4e0b-98f9-91ba3e52c8ab	0.9873417721518988	0.8387096774193549
9e9f0c7f-81c2-4e0b-98f9-91ba3e52c8ab	0.9873417721518988	0.8387096774193549
9e9f0c7f-81c2-4e0b-98f9-91ba3e52c8ab	0.9873417721518988	0.8387096774193549
9e9f0c7f-81c2-4e0b-98f9-91ba3e52c8ab	0.9873417721518988	0.8387096774193549
9e9f0c7f-81c2-4e0b-98f9-91ba3e52c8ab	0.9873417721518988	0.8387096774193549
9e9f0c7f-81c2-4e0b-98f9-91ba3e52c8ab	0.9873417721518988	0.8387096774193549
9e9f0c7f-81c2-4e0b-98f9-91ba3e52c8ab	0.9873417721518988	0.8387096774193549
9e9f0c7f-81c2-4e0b-98f9-91ba3e52c8ab	0.9873417721518988	0.8387096774193549
9e9f0c7f-81c2-4e0b-98f9-91ba3e52c8ab	0.9873417721518988	0.8387096774193549
9e9f0c7f-81c2-4e0b-98f9-91ba3e52c8ab	0.9873417721518988	0.8387096774193549
9e9f0c7f-81c2-4e0b-98f9-91ba3e52c8ab	0.9873417721518988	0.8387096774193549
9e9f0c7f-81c2-4e0b-98f9-91ba3e52c8ab	0.9873417721518988	0.8387096774193549
9e9f0c7f-81c2-4e0b-98f9-91ba3e52c8ab	0.9873417721518988	0.8387096774193549
9e9f0c7f-81c2-4e0b-98f9-91ba3e52c8ab	0.9873417721518988	0.8387096774193549
9e9f0c7f-81c2-4e0b-98f9-91ba3e52c8ab	0.9873417721518988	0.8387096774193549
9e9f0c7f-81c2-4e0b-98f9-91ba3e52c8ab	0.9873417721518988	0.8387096774193549
9e9f0c7f-81c2-4e0b-98f9-91ba3e52c8ab	0.9873417721518988	0.8387096774193549
9e9f0c7f-81c2-4e0b-98f9-91ba3e52c8ab	0.9873417721518988	0.8387096774193549
9e9f0c7f-81c2-4e0b-98f9-91ba3e52c8ab	0.9873417721518988	0.8387096774193549
9e9f0c7f-81c2-4e0b-98f9-91ba3e52c8ab	0.9873417721518988	0.8387096774193549
9e9f0c7f-81c2-4e0b-98f9-91ba3e52c8ab	0.9873417721518988	0.8387096774193549
9e9f0c7f-81c2-4e0b-98f9-91ba3e52c8ab	0.9873417721518988	0.8387096774193549
9e9f0c7f-81c2-4e0b-98f9-91ba3e52c8ab	0.9873417721518988	0.8387096774193549
9e9f0c7f-81c2-4e0b-98f9-91ba3e52c8ab	0.9873417721518988	0.8387096774193549
9e9f0c7f-81c2-4e0b-98f9-91ba3e52c8ab	0.9873417721518988	0.8387096774193549
9e9f0c7f-81c2-4e0b-98f9-91ba3e52c8ab	0.9873417721518988	0.8478260869565217
9e9f0c7f-81c2-4e0b-98f9-91ba3e52c8ab	0.9873417721518988	0.8478260869565217
9e9f0c7f-81c2-4e0b-98f9-91ba3e52c8ab	0.9873417721518988	0.8478260869565217
9e9f0c7f-81c2-4e0b-98f9-91ba3e52c8ab	0.9873417721518988	0.8478260869565217
9e9f0c7f-81c2-4e0b-98f9-91ba3e52c8ab	0.9873417721518988	0.8478260869565217
9e9f0c7f-81c2-4e0b-98f9-91ba3e52c8ab	0.9873417721518988	0.8478260869565217
9e9f0c7f-81c2-4e0b-98f9-91ba3e52c8ab	0.9873417721518988	0.8478260869565217
9e9f0c7f-81c2-4e0b-98f9-91ba3e52c8ab	0.9873417721518988	0.8478260869565217
9e9f0c7f-81c2-4e0b-98f9-91ba3e52c8ab	0.9873417721518988	0.8478260869565217
9e9f0c7f-81c2-4e0b-98f9-91ba3e52c8ab	0.9873417721518988	0.8478260869565217
9e9f0c7f-81c2-4e0b-98f9-91ba3e52c8ab	0.9873417721518988	0.8478260869565217
9e9f0c7f-81c2-4e0b-98f9-91ba3e52c8ab	0.9873417721518988	0.8478260869565217
9e9f0c7f-81c2-4e0b-98f9-91ba3e52c8ab	0.9873417721518988	0.8478260869565217
9e9f0c7f-81c2-4e0b-98f9-91ba3e52c8ab	0.9873417721518988	0.8478260869565217
9e9f0c7f-81c2-4e0b-98f9-91ba3e52c8ab	0.9873417721518988	0.8478260869565217
9e9f0c7f-81c2-4e0b-98f9-91ba3e52c8ab	0.9873417721518988	0.8478260869565217
9e9f0c7f-81c2-4e0b-98f9-91ba3e52c8ab	0.9873417721518988	0.8478260869565217
9e9f0c7f-81c2-4e0b-98f9-91ba3e52c8ab	0.9873417721518988	0.8478260869565217
9e9f0c7f-81c2-4e0b-98f9-91ba3e52c8ab	0.9873417721518988	0.8478260869565217
9e9f0c7f-81c2-4e0b-98f9-91ba3e52c8ab	0.9873417721518988	0.8478260869565217
9e9f0c7f-81c2-4e0b-98f9-91ba3e52c8ab	0.9873417721518988	0.8478260869565217
9e9f0c7f-81c2-4e0b-98f9-91ba3e52c8ab	0.9873417721518988	0.8478260869565217
9e9f0c7f-81c2-4e0b-98f9-91ba3e52c8ab	0.9873417721518988	0.8478260869565217
9e9f0c7f-81c2-4e0b-98f9-91ba3e52c8ab	0.9873417721518988	0.8478260869565217
9e9f0c7f-81c2-4e0b-98f9-91ba3e52c8ab	0.9873417721518988	0.8478260869565217
9e9f0c7f-81c2-4e0b-98f9-91ba3e52c8ab	0.9873417721518988	0.8478260869565217
9e9f0c7f-81c2-4e0b-98f9-91ba3e52c8ab	0.9873417721518988	0.8478260869565217
9e9f0c7f-81c2-4e0b-98f9-91ba3e52c8ab	0.9873417721518988	0.8571428571428571
9e9f0c7f-81c2-4e0b-98f9-91ba3e52c8ab	0.9873417721518988	0.8571428571428571
9e9f0c7f-81c2-4e0b-98f9-91ba3e52c8ab	0.9873417721518988	0.8571428571428571
9e9f0c7f-81c2-4e0b-98f9-91ba3e52c8ab	0.9873417721518988	0.8571428571428571
9e9f0c7f-81c2-4e0b-98f9-91ba3e52c8ab	0.9873417721518988	0.8571428571428571
9e9f0c7f-81c2-4e0b-98f9-91ba3e52c8ab	0.9873417721518988	0.8571428571428571
9e9f0c7f-81c2-4e0b-98f9-91ba3e52c8ab	0.9873417721518988	0.8571428571428571
9e9f0c7f-81c2-4e0b-98f9-91ba3e52c8ab	0.9873417721518988	0.8571428571428571
9e9f0c7f-81c2-4e0b-98f9-91ba3e52c8ab	0.9873417721518988	0.8571428571428571
9e9f0c7f-81c2-4e0b-98f9-91ba3e52c8ab	0.9873417721518988	0.8571428571428571
9e9f0c7f-81c2-4e0b-98f9-91ba3e52c8ab	0.9873417721518988	0.8571428571428571
9e9f0c7f-81c2-4e0b-98f9-91ba3e52c8ab	0.9873417721518988	0.8571428571428571
9e9f0c7f-81c2-4e0b-98f9-91ba3e52c8ab	0.9873417721518988	0.8571428571428571
9e9f0c7f-81c2-4e0b-98f9-91ba3e52c8ab	0.9873417721518988	0.8571428571428571
9e9f0c7f-81c2-4e0b-98f9-91ba3e52c8ab	0.9873417721518988	0.8571428571428571
9e9f0c7f-81c2-4e0b-98f9-91ba3e52c8ab	0.9873417721518988	0.8571428571428571
9e9f0c7f-81c2-4e0b-98f9-91ba3e52c8ab	0.9873417721518988	0.8571428571428571
9e9f0c7f-81c2-4e0b-98f9-91ba3e52c8ab	0.9873417721518988	0.8571428571428571
9e9f0c7f-81c2-4e0b-98f9-91ba3e52c8ab	0.9873417721518988	0.8571428571428571
9e9f0c7f-81c2-4e0b-98f9-91ba3e52c8ab	0.9873417721518988	0.8571428571428571
9e9f0c7f-81c2-4e0b-98f9-91ba3e52c8ab	0.9873417721518988	0.8571428571428571
9e9f0c7f-81c2-4e0b-98f9-91ba3e52c8ab	0.9873417721518988	0.8571428571428571
9e9f0c7f-81c2-4e0b-98f9-91ba3e52c8ab	0.9873417721518988	0.8571428571428571
9e9f0c7f-81c2-4e0b-98f9-91ba3e52c8ab	0.9873417721518988	0.8571428571428571
9e9f0c7f-81c2-4e0b-98f9-91ba3e52c8ab	0.9873417721518988	0.8571428571428571
9e9f0c7f-81c2-4e0b-98f9-91ba3e52c8ab	0.9873417721518988	0.8571428571428571
9e9f0c7f-81c2-4e0b-98f9-91ba3e52c8ab	0.9873417721518988	0.8571428571428571
9e9f0c7f-81c2-4e0b-98f9-91ba3e52c8ab	0.9873417721518988	0.8571428571428571
9e9f0c7f-81c2-4e0b-98f9-91ba3e52c8ab	0.9873417721518988	0.8666666666666667
9e9f0c7f-81c2-4e0b-98f9-91ba3e52c8ab	0.9873417721518988	0.8666666666666667
9e9f0c7f-81c2-4e0b-98f9-91ba3e52c8ab	0.9873417721518988	0.8666666666666667
9e9f0c7f-81c2-4e0b-98f9-91ba3e52c8ab	0.9873417721518988	0.8666666666666667
9e9f0c7f-81c2-4e0b-98f9-91ba3e52c8ab	0.9873417721518988	0.8666666666666667
9e9f0c7f-81c2-4e0b-98f9-91ba3e52c8ab	0.9873417721518988	0.8666666666666667
9e9f0c7f-81c2-4e0b-98f9-91ba3e52c8ab	0.9873417721518988	0.8666666666666667
9e9f0c7f-81c2-4e0b-98f9-91ba3e52c8ab	0.9873417721518988	0.8666666666666667
9e9f0c7f-81c2-4e0b-98f9-91ba3e52c8ab	0.9873417721518988	0.8666666666666667
9e9f0c7f-81c2-4e0b-98f9-91ba3e52c8ab	0.9873417721518988	0.8666666666666667
9e9f0c7f-81c2-4e0b-98f9-91ba3e52c8ab	0.9873417721518988	0.8666666666666667
9e9f0c7f-81c2-4e0b-98f9-91ba3e52c8ab	0.9873417721518988	0.8764044943820225
9e9f0c7f-81c2-4e0b-98f9-91ba3e52c8ab	0.9873417721518988	0.8764044943820225
9e9f0c7f-81c2-4e0b-98f9-91ba3e52c8ab	0.9873417721518988	0.8764044943820225
9e9f0c7f-81c2-4e0b-98f9-91ba3e52c8ab	0.9873417721518988	0.8764044943820225
9e9f0c7f-81c2-4e0b-98f9-91ba3e52c8ab	0.9873417721518988	0.8764044943820225
9e9f0c7f-81c2-4e0b-98f9-91ba3e52c8ab	0.9873417721518988	0.8764044943820225
9e9f0c7f-81c2-4e0b-98f9-91ba3e52c8ab	0.9873417721518988	0.8764044943820225
9e9f0c7f-81c2-4e0b-98f9-91ba3e52c8ab	0.9873417721518988	0.8764044943820225
9e9f0c7f-81c2-4e0b-98f9-91ba3e52c8ab	0.9873417721518988	0.8764044943820225
9e9f0c7f-81c2-4e0b-98f9-91ba3e52c8ab	0.9873417721518988	0.8764044943820225
9e9f0c7f-81c2-4e0b-98f9-91ba3e52c8ab	0.9873417721518988	0.8764044943820225
9e9f0c7f-81c2-4e0b-98f9-91ba3e52c8ab	0.9873417721518988	0.8764044943820225
9e9f0c7f-81c2-4e0b-98f9-91ba3e52c8ab	0.9873417721518988	0.8764044943820225
9e9f0c7f-81c2-4e0b-98f9-91ba3e52c8ab	0.9873417721518988	0.8764044943820225
9e9f0c7f-81c2-4e0b-98f9-91ba3e52c8ab	0.9873417721518988	0.8764044943820225
9e9f0c7f-81c2-4e0b-98f9-91ba3e52c8ab	0.9873417721518988	0.8764044943820225
9e9f0c7f-81c2-4e0b-98f9-91ba3e52c8ab	0.9873417721518988	0.8863636363636364
9e9f0c7f-81c2-4e0b-98f9-91ba3e52c8ab	0.9873417721518988	0.8863636363636364
9e9f0c7f-81c2-4e0b-98f9-91ba3e52c8ab	0.9873417721518988	0.8863636363636364
9e9f0c7f-81c2-4e0b-98f9-91ba3e52c8ab	0.9873417721518988	0.8863636363636364
9e9f0c7f-81c2-4e0b-98f9-91ba3e52c8ab	0.9873417721518988	0.8863636363636364
9e9f0c7f-81c2-4e0b-98f9-91ba3e52c8ab	0.9873417721518988	0.8863636363636364
9e9f0c7f-81c2-4e0b-98f9-91ba3e52c8ab	0.9873417721518988	0.8863636363636364
9e9f0c7f-81c2-4e0b-98f9-91ba3e52c8ab	0.9873417721518988	0.8863636363636364
9e9f0c7f-81c2-4e0b-98f9-91ba3e52c8ab	0.9873417721518988	0.8863636363636364
9e9f0c7f-81c2-4e0b-98f9-91ba3e52c8ab	0.9873417721518988	0.8863636363636364
9e9f0c7f-81c2-4e0b-98f9-91ba3e52c8ab	0.9873417721518988	0.8863636363636364
9e9f0c7f-81c2-4e0b-98f9-91ba3e52c8ab	0.9873417721518988	0.8863636363636364
9e9f0c7f-81c2-4e0b-98f9-91ba3e52c8ab	0.9873417721518988	0.8863636363636364
9e9f0c7f-81c2-4e0b-98f9-91ba3e52c8ab	0.9873417721518988	0.8863636363636364
9e9f0c7f-81c2-4e0b-98f9-91ba3e52c8ab	0.9873417721518988	0.8863636363636364
9e9f0c7f-81c2-4e0b-98f9-91ba3e52c8ab	0.9873417721518988	0.8863636363636364
9e9f0c7f-81c2-4e0b-98f9-91ba3e52c8ab	0.9873417721518988	0.8863636363636364
9e9f0c7f-81c2-4e0b-98f9-91ba3e52c8ab	0.9873417721518988	0.8863636363636364
9e9f0c7f-81c2-4e0b-98f9-91ba3e52c8ab	0.9873417721518988	0.8863636363636364
9e9f0c7f-81c2-4e0b-98f9-91ba3e52c8ab	0.9873417721518988	0.8863636363636364
9e9f0c7f-81c2-4e0b-98f9-91ba3e52c8ab	0.9873417721518988	0.8863636363636364
9e9f0c7f-81c2-4e0b-98f9-91ba3e52c8ab	0.9873417721518988	0.8863636363636364
9e9f0c7f-81c2-4e0b-98f9-91ba3e52c8ab	0.9873417721518988	0.8863636363636364
9e9f0c7f-81c2-4e0b-98f9-91ba3e52c8ab	0.9873417721518988	0.8863636363636364
9e9f0c7f-81c2-4e0b-98f9-91ba3e52c8ab	0.9873417721518988	0.8863636363636364
9e9f0c7f-81c2-4e0b-98f9-91ba3e52c8ab	0.9873417721518988	0.8863636363636364
9e9f0c7f-81c2-4e0b-98f9-91ba3e52c8ab	0.9873417721518988	0.8863636363636364
9e9f0c7f-81c2-4e0b-98f9-91ba3e52c8ab	0.9873417721518988	0.8863636363636364
9e9f0c7f-81c2-4e0b-98f9-91ba3e52c8ab	0.9873417721518988	0.8863636363636364
9e9f0c7f-81c2-4e0b-98f9-91ba3e52c8ab	0.9873417721518988	0.8863636363636364
9e9f0c7f-81c2-4e0b-98f9-91ba3e52c8ab	0.9873417721518988	0.8863636363636364
9e9f0c7f-81c2-4e0b-98f9-91ba3e52c8ab	0.9873417721518988	0.8863636363636364
9e9f0c7f-81c2-4e0b-98f9-91ba3e52c8ab	0.9873417721518988	0.8863636363636364
9e9f0c7f-81c2-4e0b-98f9-91ba3e52c8ab	0.9873417721518988	0.8863636363636364
9e9f0c7f-81c2-4e0b-98f9-91ba3e52c8ab	0.9873417721518988	0.8863636363636364
9e9f0c7f-81c2-4e0b-98f9-91ba3e52c8ab	0.9873417721518988	0.8863636363636364
9e9f0c7f-81c2-4e0b-98f9-91ba3e52c8ab	0.9873417721518988	0.8863636363636364
9e9f0c7f-81c2-4e0b-98f9-91ba3e52c8ab	0.9873417721518988	0.8863636363636364
9e9f0c7f-81c2-4e0b-98f9-91ba3e52c8ab	0.9873417721518988	0.8863636363636364
9e9f0c7f-81c2-4e0b-98f9-91ba3e52c8ab	0.9873417721518988	0.8863636363636364
9e9f0c7f-81c2-4e0b-98f9-91ba3e52c8ab	0.9873417721518988	0.8863636363636364
9e9f0c7f-81c2-4e0b-98f9-91ba3e52c8ab	0.9873417721518988	0.8863636363636364
9e9f0c7f-81c2-4e0b-98f9-91ba3e52c8ab	0.9873417721518988	0.8863636363636364
9e9f0c7f-81c2-4e0b-98f9-91ba3e52c8ab	0.9873417721518988	0.8863636363636364
9e9f0c7f-81c2-4e0b-98f9-91ba3e52c8ab	0.9873417721518988	0.8863636363636364
9e9f0c7f-81c2-4e0b-98f9-91ba3e52c8ab	0.9873417721518988	0.8863636363636364
9e9f0c7f-81c2-4e0b-98f9-91ba3e52c8ab	0.9873417721518988	0.8863636363636364
9e9f0c7f-81c2-4e0b-98f9-91ba3e52c8ab	0.9873417721518988	0.8863636363636364
9e9f0c7f-81c2-4e0b-98f9-91ba3e52c8ab	0.9873417721518988	0.8863636363636364
9e9f0c7f-81c2-4e0b-98f9-91ba3e52c8ab	0.9873417721518988	0.8863636363636364
9e9f0c7f-81c2-4e0b-98f9-91ba3e52c8ab	0.9873417721518988	0.8863636363636364
9e9f0c7f-81c2-4e0b-98f9-91ba3e52c8ab	0.9873417721518988	0.8863636363636364
9e9f0c7f-81c2-4e0b-98f9-91ba3e52c8ab	0.9873417721518988	0.8863636363636364
9e9f0c7f-81c2-4e0b-98f9-91ba3e52c8ab	0.9873417721518988	0.8863636363636364
9e9f0c7f-81c2-4e0b-98f9-91ba3e52c8ab	0.9873417721518988	0.8863636363636364
9e9f0c7f-81c2-4e0b-98f9-91ba3e52c8ab	0.9873417721518988	0.8863636363636364
9e9f0c7f-81c2-4e0b-98f9-91ba3e52c8ab	0.9873417721518988	0.8863636363636364
9e9f0c7f-81c2-4e0b-98f9-91ba3e52c8ab	0.9873417721518988	0.8863636363636364
9e9f0c7f-81c2-4e0b-98f9-91ba3e52c8ab	0.9873417721518988	0.8863636363636364
9e9f0c7f-81c2-4e0b-98f9-91ba3e52c8ab	0.9873417721518988	0.8863636363636364
9e9f0c7f-81c2-4e0b-98f9-91ba3e52c8ab	1	0.49375
9e9f0c7f-81c2-4e0b-98f9-91ba3e52c8ab	1	0.49375
9e9f0c7f-81c2-4e0b-98f9-91ba3e52c8ab	1	0.4968553459119497
9e9f0c7f-81c2-4e0b-98f9-91ba3e52c8ab	1	0.5064102564102564
9e9f0c7f-81c2-4e0b-98f9-91ba3e52c8ab	1	0.512987012987013
9e9f0c7f-81c2-4e0b-98f9-91ba3e52c8ab	1	0.5163398692810458
9e9f0c7f-81c2-4e0b-98f9-91ba3e52c8ab	1	0.5231788079470199
9e9f0c7f-81c2-4e0b-98f9-91ba3e52c8ab	1	0.5337837837837838
9e9f0c7f-81c2-4e0b-98f9-91ba3e52c8ab	1	0.5374149659863946
9e9f0c7f-81c2-4e0b-98f9-91ba3e52c8ab	1	0.541095890410959
9e9f0c7f-81c2-4e0b-98f9-91ba3e52c8ab	1	0.5486111111111112
9e9f0c7f-81c2-4e0b-98f9-91ba3e52c8ab	1	0.5524475524475524
9e9f0c7f-81c2-4e0b-98f9-91ba3e52c8ab	1	0.5524475524475524
9e9f0c7f-81c2-4e0b-98f9-91ba3e52c8ab	1	0.5524475524475524
9e9f0c7f-81c2-4e0b-98f9-91ba3e52c8ab	1	0.5524475524475524
9e9f0c7f-81c2-4e0b-98f9-91ba3e52c8ab	1	0.5563380281690141
9e9f0c7f-81c2-4e0b-98f9-91ba3e52c8ab	1	0.5563380281690141
9e9f0c7f-81c2-4e0b-98f9-91ba3e52c8ab	1	0.5683453237410072
9e9f0c7f-81c2-4e0b-98f9-91ba3e52c8ab	1	0.572463768115942
9e9f0c7f-81c2-4e0b-98f9-91ba3e52c8ab	1	0.5808823529411765
9e9f0c7f-81c2-4e0b-98f9-91ba3e52c8ab	1	0.5808823529411765
9e9f0c7f-81c2-4e0b-98f9-91ba3e52c8ab	1	0.5808823529411765
9e9f0c7f-81c2-4e0b-98f9-91ba3e52c8ab	1	0.5939849624060151
9e9f0c7f-81c2-4e0b-98f9-91ba3e52c8ab	1	0.5984848484848485
9e9f0c7f-81c2-4e0b-98f9-91ba3e52c8ab	1	0.5984848484848485
9e9f0c7f-81c2-4e0b-98f9-91ba3e52c8ab	1	0.6030534351145038
9e9f0c7f-81c2-4e0b-98f9-91ba3e52c8ab	1	0.6076923076923076
9e9f0c7f-81c2-4e0b-98f9-91ba3e52c8ab	1	0.6076923076923076
9e9f0c7f-81c2-4e0b-98f9-91ba3e52c8ab	1	0.6076923076923076
9e9f0c7f-81c2-4e0b-98f9-91ba3e52c8ab	1	0.6171875
9e9f0c7f-81c2-4e0b-98f9-91ba3e52c8ab	1	0.6220472440944882
9e9f0c7f-81c2-4e0b-98f9-91ba3e52c8ab	1	0.626984126984127
9e9f0c7f-81c2-4e0b-98f9-91ba3e52c8ab	1	0.6370967741935484
9e9f0c7f-81c2-4e0b-98f9-91ba3e52c8ab	1	0.6370967741935484
9e9f0c7f-81c2-4e0b-98f9-91ba3e52c8ab	1	0.6370967741935484
9e9f0c7f-81c2-4e0b-98f9-91ba3e52c8ab	1	0.6370967741935484
9e9f0c7f-81c2-4e0b-98f9-91ba3e52c8ab	1	0.6370967741935484
9e9f0c7f-81c2-4e0b-98f9-91ba3e52c8ab	1	0.6422764227642277
9e9f0c7f-81c2-4e0b-98f9-91ba3e52c8ab	1	0.6475409836065574
9e9f0c7f-81c2-4e0b-98f9-91ba3e52c8ab	1	0.6475409836065574
9e9f0c7f-81c2-4e0b-98f9-91ba3e52c8ab	1	0.6475409836065574
9e9f0c7f-81c2-4e0b-98f9-91ba3e52c8ab	1	0.6475409836065574
9e9f0c7f-81c2-4e0b-98f9-91ba3e52c8ab	1	0.6475409836065574
9e9f0c7f-81c2-4e0b-98f9-91ba3e52c8ab	1	0.6475409836065574
9e9f0c7f-81c2-4e0b-98f9-91ba3e52c8ab	1	0.6528925619834711
9e9f0c7f-81c2-4e0b-98f9-91ba3e52c8ab	1	0.6528925619834711
9e9f0c7f-81c2-4e0b-98f9-91ba3e52c8ab	1	0.6528925619834711
9e9f0c7f-81c2-4e0b-98f9-91ba3e52c8ab	1	0.6528925619834711
9e9f0c7f-81c2-4e0b-98f9-91ba3e52c8ab	1	0.6528925619834711
9e9f0c7f-81c2-4e0b-98f9-91ba3e52c8ab	1	0.6583333333333333
9e9f0c7f-81c2-4e0b-98f9-91ba3e52c8ab	1	0.6638655462184874
9e9f0c7f-81c2-4e0b-98f9-91ba3e52c8ab	1	0.6638655462184874
9e9f0c7f-81c2-4e0b-98f9-91ba3e52c8ab	1	0.6638655462184874
9e9f0c7f-81c2-4e0b-98f9-91ba3e52c8ab	1	0.6638655462184874
9e9f0c7f-81c2-4e0b-98f9-91ba3e52c8ab	1	0.6638655462184874
9e9f0c7f-81c2-4e0b-98f9-91ba3e52c8ab	1	0.6638655462184874
9e9f0c7f-81c2-4e0b-98f9-91ba3e52c8ab	1	0.6638655462184874
9e9f0c7f-81c2-4e0b-98f9-91ba3e52c8ab	1	0.6638655462184874
9e9f0c7f-81c2-4e0b-98f9-91ba3e52c8ab	1	0.6638655462184874
9e9f0c7f-81c2-4e0b-98f9-91ba3e52c8ab	1	0.6638655462184874
9e9f0c7f-81c2-4e0b-98f9-91ba3e52c8ab	1	0.6638655462184874
9e9f0c7f-81c2-4e0b-98f9-91ba3e52c8ab	1	0.6638655462184874
9e9f0c7f-81c2-4e0b-98f9-91ba3e52c8ab	1	0.6638655462184874
9e9f0c7f-81c2-4e0b-98f9-91ba3e52c8ab	1	0.6638655462184874
9e9f0c7f-81c2-4e0b-98f9-91ba3e52c8ab	1	0.6638655462184874
9e9f0c7f-81c2-4e0b-98f9-91ba3e52c8ab	1	0.6810344827586207
9e9f0c7f-81c2-4e0b-98f9-91ba3e52c8ab	1	0.6810344827586207
9e9f0c7f-81c2-4e0b-98f9-91ba3e52c8ab	1	0.6869565217391305
9e9f0c7f-81c2-4e0b-98f9-91ba3e52c8ab	1	0.6869565217391305
9e9f0c7f-81c2-4e0b-98f9-91ba3e52c8ab	1	0.6869565217391305
9e9f0c7f-81c2-4e0b-98f9-91ba3e52c8ab	1	0.6869565217391305
9e9f0c7f-81c2-4e0b-98f9-91ba3e52c8ab	1	0.6869565217391305
9e9f0c7f-81c2-4e0b-98f9-91ba3e52c8ab	1	0.6991150442477876
9e9f0c7f-81c2-4e0b-98f9-91ba3e52c8ab	1	0.7053571428571429
9e9f0c7f-81c2-4e0b-98f9-91ba3e52c8ab	1	0.7053571428571429
9e9f0c7f-81c2-4e0b-98f9-91ba3e52c8ab	1	0.7117117117117117
9e9f0c7f-81c2-4e0b-98f9-91ba3e52c8ab	1	0.7117117117117117
9e9f0c7f-81c2-4e0b-98f9-91ba3e52c8ab	1	0.7117117117117117
9e9f0c7f-81c2-4e0b-98f9-91ba3e52c8ab	1	0.7117117117117117
9e9f0c7f-81c2-4e0b-98f9-91ba3e52c8ab	1	0.7117117117117117
9e9f0c7f-81c2-4e0b-98f9-91ba3e52c8ab	1	0.7117117117117117
9e9f0c7f-81c2-4e0b-98f9-91ba3e52c8ab	1	0.7181818181818181
9e9f0c7f-81c2-4e0b-98f9-91ba3e52c8ab	1	0.7181818181818181
9e9f0c7f-81c2-4e0b-98f9-91ba3e52c8ab	1	0.7247706422018348
9e9f0c7f-81c2-4e0b-98f9-91ba3e52c8ab	1	0.7314814814814815
9e9f0c7f-81c2-4e0b-98f9-91ba3e52c8ab	1	0.7314814814814815
9e9f0c7f-81c2-4e0b-98f9-91ba3e52c8ab	1	0.7314814814814815
9e9f0c7f-81c2-4e0b-98f9-91ba3e52c8ab	1	0.7383177570093458
9e9f0c7f-81c2-4e0b-98f9-91ba3e52c8ab	1	0.7452830188679245
9e9f0c7f-81c2-4e0b-98f9-91ba3e52c8ab	1	0.7452830188679245
9e9f0c7f-81c2-4e0b-98f9-91ba3e52c8ab	1	0.7452830188679245
9e9f0c7f-81c2-4e0b-98f9-91ba3e52c8ab	1	0.7523809523809524
9e9f0c7f-81c2-4e0b-98f9-91ba3e52c8ab	1	0.7523809523809524