run_id	ROC curve.False positive rate	ROC curve
9e9f0c7f-81c2-4e0b-98f9-91ba3e52c8ab	0	0.8227848101265823
9e9f0c7f-81c2-4e0b-98f9-91ba3e52c8ab	0	0.8227848101265823
9e9f0c7f-81c2-4e0b-98f9-91ba3e52c8ab	0	0.8227848101265823
9e9f0c7f-81c2-4e0b-98f9-91ba3e52c8ab	0	0.8227848101265823
9e9f0c7f-81c2-4e0b-98f9-91ba3e52c8ab	0	0.8227848101265823
9e9f0c7f-81c2-4e0b-98f9-91ba3e52c8ab	0	0.8227848101265823
9e9f0c7f-81c2-4e0b-98f9-91ba3e52c8ab	0	0.8227848101265823
9e9f0c7f-81c2-4e0b-98f9-91ba3e52c8ab	0	0.8227848101265823
9e9f0c7f-81c2-4e0b-98f9-91ba3e52c8ab	0	0.8227848101265823
9e9f0c7f-81c2-4e0b-98f9-91ba3e52c8ab	0	0.8227848101265823
9e9f0c7f-81c2-4e0b-98f9-91ba3e52c8ab	0	0.810126582278481
9e9f0c7f-81c2-4e0b-98f9-91ba3e52c8ab	0	0.810126582278481
9e9f0c7f-81c2-4e0b-98f9-91ba3e52c8ab	0	0.810126582278481
9e9f0c7f-81c2-4e0b-98f9-91ba3e52c8ab	0	0.810126582278481
9e9f0c7f-81c2-4e0b-98f9-91ba3e52c8ab	0	0.810126582278481
9e9f0c7f-81c2-4e0b-98f9-91ba3e52c8ab	0	0.810126582278481
9e9f0c7f-81c2-4e0b-98f9-91ba3e52c8ab	0	0.810126582278481
9e9f0c7f-81c2-4e0b-98f9-91ba3e52c8ab	0	0.810126582278481
9e9f0c7f-81c2-4e0b-98f9-91ba3e52c8ab	0	0.810126582278481
9e9f0c7f-81c2-4e0b-98f9-91ba3e52c8ab	0	0.810126582278481
9e9f0c7f-81c2-4e0b-98f9-91ba3e52c8ab	0	0.810126582278481
9e9f0c7f-81c2-4e0b-98f9-91ba3e52c8ab	0	0.7974683544303798
9e9f0c7f-81c2-4e0b-98f9-91ba3e52c8ab	0	0.7974683544303798
9e9f0c7f-81c2-4e0b-98f9-91ba3e52c8ab	0	0.7974683544303798
9e9f0c7f-81c2-4e0b-98f9-91ba3e52c8ab	0	0.7974683544303798
9e9f0c7f-81c2-4e0b-98f9-91ba3e52c8ab	0	0.7974683544303798
9e9f0c7f-81c2-4e0b-98f9-91ba3e52c8ab	0	0.7974683544303798
9e9f0c7f-81c2-4e0b-98f9-91ba3e52c8ab	0	0.7974683544303798
9e9f0c7f-81c2-4e0b-98f9-91ba3e52c8ab	0	0.7974683544303798
9e9f0c7f-81c2-4e0b-98f9-91ba3e52c8ab	0	0.7974683544303798
9e9f0c7f-81c2-4e0b-98f9-91ba3e52c8ab	0	0.7974683544303798
9e9f0c7f-81c2-4e0b-98f9-91ba3e52c8ab	0	0.7974683544303798
9e9f0c7f-81c2-4e0b-98f9-91ba3e52c8ab	0	0.7848101265822784
9e9f0c7f-81c2-4e0b-98f9-91ba3e52c8ab	0	0.7721518987341772
9e9f0c7f-81c2-4e0b-98f9-91ba3e52c8ab	0	0.7721518987341772
9e9f0c7f-81c2-4e0b-98f9-91ba3e52c8ab	0	0.7721518987341772
9e9f0c7f-81c2-4e0b-98f9-91ba3e52c8ab	0	0.7721518987341772
9e9f0c7f-81c2-4e0b-98f9-91ba3e52c8ab	0	0.7721518987341772
9e9f0c7f-81c2-4e0b-98f9-91ba3e52c8ab	0	0.7721518987341772
9e9f0c7f-81c2-4e0b-98f9-91ba3e52c8ab	0	0.7721518987341772
9e9f0c7f-81c2-4e0b-98f9-91ba3e52c8ab	0	0.7721518987341772
9e9f0c7f-81c2-4e0b-98f9-91ba3e52c8ab	0	0.7721518987341772
9e9f0c7f-81c2-4e0b-98f9-91ba3e52c8ab	0	0.7721518987341772
9e9f0c7f-81c2-4e0b-98f9-91ba3e52c8ab	0	0.7721518987341772
9e9f0c7f-81c2-4e0b-98f9-91ba3e52c8ab	0	0.7721518987341772
9e9f0c7f-81c2-4e0b-98f9-91ba3e52c8ab	0	0.7721518987341772
9e9f0c7f-81c2-4e0b-98f9-91ba3e52c8ab	0	0.7721518987341772
9e9f0c7f-81c2-4e0b-98f9-91ba3e52c8ab	0	0.7721518987341772
9e9f0c7f-81c2-4e0b-98f9-91ba3e52c8ab	0	0.7721518987341772
9e9f0c7f-81c2-4e0b-98f9-91ba3e52c8ab	0	0.759493670886076
9e9f0c7f-81c2-4e0b-98f9-91ba3e52c8ab	0	0.759493670886076
9e9f0c7f-81c2-4e0b-98f9-91ba3e52c8ab	0	0.759493670886076
9e9f0c7f-81c2-4e0b-98f9-91ba3e52c8ab	0	0.759493670886076
9e9f0c7f-81c2-4e0b-98f9-91ba3e52c8ab	0	0.759493670886076
9e9f0c7f-81c2-4e0b-98f9-91ba3e52c8ab	0	0.759493670886076
9e9f0c7f-81c2-4e0b-98f9-91ba3e52c8ab	0	0.759493670886076
9e9f0c7f-81c2-4e0b-98f9-91ba3e52c8ab	0	0.759493670886076
9e9f0c7f-81c2-4e0b-98f9-91ba3e52c8ab	0	0.759493670886076
9e9f0c7f-81c2-4e0b-98f9-91ba3e52c8ab	0	0.759493670886076
9e9f0c7f-81c2-4e0b-98f9-91ba3e52c8ab	0	0.759493670886076
9e9f0c7f-81c2-4e0b-98f9-91ba3e52c8ab	0	0.759493670886076
9e9f0c7f-81c2-4e0b-98f9-91ba3e52c8ab	0	0.759493670886076
9e9f0c7f-81c2-4e0b-98f9-91ba3e52c8ab	0	0.759493670886076
9e9f0c7f-81c2-4e0b-98f9-91ba3e52c8ab	0	0.759493670886076
9e9f0c7f-81c2-4e0b-98f9-91ba3e52c8ab	0	0.759493670886076
9e9f0c7f-81c2-4e0b-98f9-91ba3e52c8ab	0	0.759493670886076
9e9f0c7f-81c2-4e0b-98f9-91ba3e52c8ab	0	0.759493670886076
9e9f0c7f-81c2-4e0b-98f9-91ba3e52c8ab	0	0.759493670886076
9e9f0c7f-81c2-4e0b-98f9-91ba3e52c8ab	0	0.759493670886076
9e9f0c7f-81c2-4e0b-98f9-91ba3e52c8ab	0	0.759493670886076
9e9f0c7f-81c2-4e0b-98f9-91ba3e52c8ab	0	0.759493670886076
9e9f0c7f-81c2-4e0b-98f9-91ba3e52c8ab	0	0.759493670886076
9e9f0c7f-81c2-4e0b-98f9-91ba3e52c8ab	0	0.759493670886076
9e9f0c7f-81c2-4e0b-98f9-91ba3e52c8ab	0	0.759493670886076
9e9f0c7f-81c2-4e0b-98f9-91ba3e52c8ab	0	0.759493670886076
9e9f0c7f-81c2-4e0b-98f9-91ba3e52c8ab	0	0.759493670886076
9e9f0c7f-81c2-4e0b-98f9-91ba3e52c8ab	0	0.759493670886076
9e9f0c7f-81c2-4e0b-98f9-91ba3e52c8ab	0	0.759493670886076
9e9f0c7f-81c2-4e0b-98f9-91ba3e52c8ab	0	0.759493670886076
9e9f0c7f-81c2-4e0b-98f9-91ba3e52c8ab	0	0.759493670886076
9e9f0c7f-81c2-4e0b-98f9-91ba3e52c8ab	0	0.759493670886076
9e9f0c7f-81c2-4e0b-98f9-91ba3e52c8ab	0	0.759493670886076
9e9f0c7f-81c2-4e0b-98f9-91ba3e52c8ab	0	0.759493670886076
9e9f0c7f-81c2-4e0b-98f9-91ba3e52c8ab	0	0.759493670886076
9e9f0c7f-81c2-4e0b-98f9-91ba3e52c8ab	0	0.759493670886076
9e9f0c7f-81c2-4e0b-98f9-91ba3e52c8ab	0	0.759493670886076
9e9f0c7f-81c2-4e0b-98f9-91ba3e52c8ab	0	0.759493670886076
9e9f0c7f-81c2-4e0b-98f9-91ba3e52c8ab	0	0.759493670886076
9e9f0c7f-81c2-4e0b-98f9-91ba3e52c8ab	0	0.759493670886076
9e9f0c7f-81c2-4e0b-98f9-91ba3e52c8ab	0	0.759493670886076
9e9f0c7f-81c2-4e0b-98f9-91ba3e52c8ab	0	0.759493670886076
9e9f0c7f-81c2-4e0b-98f9-91ba3e52c8ab	0	0.759493670886076
9e9f0c7f-81c2-4e0b-98f9-91ba3e52c8ab	0	0.7468354430379747
9e9f0c7f-81c2-4e0b-98f9-91ba3e52c8ab	0	0.7468354430379747
9e9f0c7f-81c2-4e0b-98f9-91ba3e52c8ab	0	0.7468354430379747
9e9f0c7f-81c2-4e0b-98f9-91ba3e52c8ab	0	0.7468354430379747
9e9f0c7f-81c2-4e0b-98f9-91ba3e52c8ab	0	0.7468354430379747
9e9f0c7f-81c2-4e0b-98f9-91ba3e52c8ab	0	0.7468354430379747
9e9f0c7f-81c2-4e0b-98f9-91ba3e52c8ab	0	0.7341772151898734
9e9f0c7f-81c2-4e0b-98f9-91ba3e52c8ab	0	0.7341772151898734
9e9f0c7f-81c2-4e0b-98f9-91ba3e52c8ab	0	0.7341772151898734
9e9f0c7f-81c2-4e0b-98f9-91ba3e52c8ab	0	0.7341772151898734
9e9f0c7f-81c2-4e0b-98f9-91ba3e52c8ab	0	0.7341772151898734
9e9f0c7f-81c2-4e0b-98f9-91ba3e52c8ab	0	0.7341772151898734
9e9f0c7f-81c2-4e0b-98f9-91ba3e52c8ab	0	0.7341772151898734
9e9f0c7f-81c2-4e0b-98f9-91ba3e52c8ab	0	0.7341772151898734
9e9f0c7f-81c2-4e0b-98f9-91ba3e52c8ab	0	0.7341772151898734
9e9f0c7f-81c2-4e0b-98f9-91ba3e52c8ab	0	0.7341772151898734
9e9f0c7f-81c2-4e0b-98f9-91ba3e52c8ab	0	0.7341772151898734
9e9f0c7f-81c2-4e0b-98f9-91ba3e52c8ab	0	0.7341772151898734
9e9f0c7f-81c2-4e0b-98f9-91ba3e52c8ab	0	0.7341772151898734
9e9f0c7f-81c2-4e0b-98f9-91ba3e52c8ab	0	0.7341772151898734
9e9f0c7f-81c2-4e0b-98f9-91ba3e52c8ab	0	0.7341772151898734
9e9f0c7f-81c2-4e0b-98f9-91ba3e52c8ab	0	0.7341772151898734
9e9f0c7f-81c2-4e0b-98f9-91ba3e52c8ab	0	0.7341772151898734
9e9f0c7f-81c2-4e0b-98f9-91ba3e52c8ab	0	0.7341772151898734
9e9f0c7f-81c2-4e0b-98f9-91ba3e52c8ab	0	0.7341772151898734
9e9f0c7f-81c2-4e0b-98f9-91ba3e52c8ab	0	0.7215189873417721
9e9f0c7f-81c2-4e0b-98f9-91ba3e52c8ab	0	0.7215189873417721
9e9f0c7f-81c2-4e0b-98f9-91ba3e52c8ab	0	0.7215189873417721
9e9f0c7f-81c2-4e0b-98f9-91ba3e52c8ab	0	0.7088607594936709
9e9f0c7f-81c2-4e0b-98f9-91ba3e52c8ab	0	0.7088607594936709
9e9f0c7f-81c2-4e0b-98f9-91ba3e52c8ab	0	0.7088607594936709
9e9f0c7f-81c2-4e0b-98f9-91ba3e52c8ab	0	0.7088607594936709
9e9f0c7f-81c2-4e0b-98f9-91ba3e52c8ab	0	0.7088607594936709
9e9f0c7f-81c2-4e0b-98f9-91ba3e52c8ab	0	0.6962025316455697
9e9f0c7f-81c2-4e0b-98f9-91ba3e52c8ab	0	0.6962025316455697
9e9f0c7f-81c2-4e0b-98f9-91ba3e52c8ab	0	0.6962025316455697
9e9f0c7f-81c2-4e0b-98f9-91ba3e52c8ab	0	0.6962025316455697
9e9f0c7f-81c2-4e0b-98f9-91ba3e52c8ab	0	0.6962025316455697
9e9f0c7f-81c2-4e0b-98f9-91ba3e52c8ab	0	0.6962025316455697
9e9f0c7f-81c2-4e0b-98f9-91ba3e52c8ab	0	0.6962025316455697
9e9f0c7f-81c2-4e0b-98f9-91ba3e52c8ab	0	0.6962025316455697
9e9f0c7f-81c2-4e0b-98f9-91ba3e52c8ab	0	0.6962025316455697
9e9f0c7f-81c2-4e0b-98f9-91ba3e52c8ab	0	0.6962025316455697
9e9f0c7f-81c2-4e0b-98f9-91ba3e52c8ab	0	0.6835443037974683
9e9f0c7f-81c2-4e0b-98f9-91ba3e52c8ab	0	0.6835443037974683
9e9f0c7f-81c2-4e0b-98f9-91ba3e52c8ab	0	0.6835443037974683
9e9f0c7f-81c2-4e0b-98f9-91ba3e52c8ab	0	0.6835443037974683
9e9f0c7f-81c2-4e0b-98f9-91ba3e52c8ab	0	0.6835443037974683
9e9f0c7f-81c2-4e0b-98f9-91ba3e52c8ab	0	0.6835443037974683
9e9f0c7f-81c2-4e0b-98f9-91ba3e52c8ab	0	0.6708860759493671
9e9f0c7f-81c2-4e0b-98f9-91ba3e52c8ab	0	0.6582278481012658
9e9f0c7f-81c2-4e0b-98f9-91ba3e52c8ab	0	0.6582278481012658
9e9f0c7f-81c2-4e0b-98f9-91ba3e52c8ab	0	0.6455696202531646
9e9f0c7f-81c2-4e0b-98f9-91ba3e52c8ab	0	0.6455696202531646
9e9f0c7f-81c2-4e0b-98f9-91ba3e52c8ab	0	0.6455696202531646
9e9f0c7f-81c2-4e0b-98f9-91ba3e52c8ab	0	0.620253164556962
9e9f0c7f-81c2-4e0b-98f9-91ba3e52c8ab	0	0.6075949367088608
9e9f0c7f-81c2-4e0b-98f9-91ba3e52c8ab	0	0.6075949367088608
9e9f0c7f-81c2-4e0b-98f9-91ba3e52c8ab	0	0.6075949367088608
9e9f0c7f-81c2-4e0b-98f9-91ba3e52c8ab	0	0.6075949367088608
9e9f0c7f-81c2-4e0b-98f9-91ba3e52c8ab	0	0.6075949367088608
9e9f0c7f-81c2-4e0b-98f9-91ba3e52c8ab	0	0.6075949367088608
9e9f0c7f-81c2-4e0b-98f9-91ba3e52c8ab	0	0.5822784810126582
9e9f0c7f-81c2-4e0b-98f9-91ba3e52c8ab	0	0.5569620253164557
9e9f0c7f-81c2-4e0b-98f9-91ba3e52c8ab	0	0.5443037974683544
9e9f0c7f-81c2-4e0b-98f9-91ba3e52c8ab	0	0.5443037974683544
9e9f0c7f-81c2-4e0b-98f9-91ba3e52c8ab	0	0.5443037974683544
9e9f0c7f-81c2-4e0b-98f9-91ba3e52c8ab	0	0.5443037974683544
9e9f0c7f-81c2-4e0b-98f9-91ba3e52c8ab	0	0.5443037974683544
9e9f0c7f-81c2-4e0b-98f9-91ba3e52c8ab	0	0.5443037974683544
9e9f0c7f-81c2-4e0b-98f9-91ba3e52c8ab	0	0.5443037974683544
9e9f0c7f-81c2-4e0b-98f9-91ba3e52c8ab	0	0.5443037974683544
9e9f0c7f-81c2-4e0b-98f9-91ba3e52c8ab	0	0.5443037974683544
9e9f0c7f-81c2-4e0b-98f9-91ba3e52c8ab	0	0.5443037974683544
9e9f0c7f-81c2-4e0b-98f9-91ba3e52c8ab	0	0.5443037974683544
9e9f0c7f-81c2-4e0b-98f9-91ba3e52c8ab	0	0.5443037974683544
9e9f0c7f-81c2-4e0b-98f9-91ba3e52c8ab	0	0.5443037974683544
9e9f0c7f-81c2-4e0b-98f9-91ba3e52c8ab	0	0.5443037974683544
9e9f0c7f-81c2-4e0b-98f9-91ba3e52c8ab	0	0.5443037974683544
9e9f0c7f-81c2-4e0b-98f9-91ba3e52c8ab	0	0.5316455696202531
9e9f0c7f-81c2-4e0b-98f9-91ba3e52c8ab	0	0.5189873417721519
9e9f0c7f-81c2-4e0b-98f9-91ba3e52c8ab	0	0.5189873417721519
9e9f0c7f-81c2-4e0b-98f9-91ba3e52c8ab	0	0.5189873417721519
9e9f0c7f-81c2-4e0b-98f9-91ba3e52c8ab	0	0.5189873417721519
9e9f0c7f-81c2-4e0b-98f9-91ba3e52c8ab	0	0.5189873417721519
9e9f0c7f-81c2-4e0b-98f9-91ba3e52c8ab	0	0.5063291139240507
9e9f0c7f-81c2-4e0b-98f9-91ba3e52c8ab	0	0.4936708860759494
9e9f0c7f-81c2-4e0b-98f9-91ba3e52c8ab	0	0.4810126582278481
9e9f0c7f-81c2-4e0b-98f9-91ba3e52c8ab	0	0.4810126582278481
9e9f0c7f-81c2-4e0b-98f9-91ba3e52c8ab	0	0.4810126582278481
9e9f0c7f-81c2-4e0b-98f9-91ba3e52c8ab	0	0.4810126582278481
9e9f0c7f-81c2-4e0b-98f9-91ba3e52c8ab	0	0.46835443037974683
9e9f0c7f-81c2-4e0b-98f9-91ba3e52c8ab	0	0.45569620253164556
9e9f0c7f-81c2-4e0b-98f9-91ba3e52c8ab	0	0.45569620253164556
9e9f0c7f-81c2-4e0b-98f9-91ba3e52c8ab	0	0.4177215189873418
9e9f0c7f-81c2-4e0b-98f9-91ba3e52c8ab	0	0.4177215189873418
9e9f0c7f-81c2-4e0b-98f9-91ba3e52c8ab	0	0.4177215189873418
9e9f0c7f-81c2-4e0b-98f9-91ba3e52c8ab	0	0.4050632911392405
9e9f0c7f-81c2-4e0b-98f9-91ba3e52c8ab	0	0.4050632911392405
9e9f0c7f-81c2-4e0b-98f9-91ba3e52c8ab	0	0.4050632911392405
9e9f0c7f-81c2-4e0b-98f9-91ba3e52c8ab	0	0.4050632911392405
9e9f0c7f-81c2-4e0b-98f9-91ba3e52c8ab	0	0.4050632911392405
9e9f0c7f-81c2-4e0b-98f9-91ba3e52c8ab	0	0.3924050632911392
9e9f0c7f-81c2-4e0b-98f9-91ba3e52c8ab	0	0.3670886075949367
9e9f0c7f-81c2-4e0b-98f9-91ba3e52c8ab	0	0.34177215189873417
9e9f0c7f-81c2-4e0b-98f9-91ba3e52c8ab	0	0.3291139240506329
9e9f0c7f-81c2-4e0b-98f9-91ba3e52c8ab	0	0.3291139240506329
9e9f0c7f-81c2-4e0b-98f9-91ba3e52c8ab	0	0.3291139240506329
9e9f0c7f-81c2-4e0b-98f9-91ba3e52c8ab	0	0.3291139240506329
9e9f0c7f-81c2-4e0b-98f9-91ba3e52c8ab	0	0.3037974683544304
9e9f0c7f-81c2-4e0b-98f9-91ba3e52c8ab	0	0.3037974683544304
9e9f0c7f-81c2-4e0b-98f9-91ba3e52c8ab	0	0.27848101265822783
9e9f0c7f-81c2-4e0b-98f9-91ba3e52c8ab	0	0.26582278481012656
9e9f0c7f-81c2-4e0b-98f9-91ba3e52c8ab	0	0.24050632911392406
9e9f0c7f-81c2-4e0b-98f9-91ba3e52c8ab	0	0.21518987341772153
9e9f0c7f-81c2-4e0b-98f9-91ba3e52c8ab	0	0.189873417721519
9e9f0c7f-81c2-4e0b-98f9-91ba3e52c8ab	0	0.17721518987341772
9e9f0c7f-81c2-4e0b-98f9-91ba3e52c8ab	0	0.13924050632911392
9e9f0c7f-81c2-4e0b-98f9-91ba3e52c8ab	0	0.11392405063291139
9e9f0c7f-81c2-4e0b-98f9-91ba3e52c8ab	0	0.08860759493670886
9e9f0c7f-81c2-4e0b-98f9-91ba3e52c8ab	0	0.05063291139240506
9e9f0c7f-81c2-4e0b-98f9-91ba3e52c8ab	0	0.02531645569620253
9e9f0c7f-81c2-4e0b-98f9-91ba3e52c8ab	0	
9e9f0c7f-81c2-4e0b-98f9-91ba3e52c8ab	0.012345679012345678	0.8987341772151899
9e9f0c7f-81c2-4e0b-98f9-91ba3e52c8ab	0.012345679012345678	0.8987341772151899
9e9f0c7f-81c2-4e0b-98f9-91ba3e52c8ab	0.012345679012345678	0.8987341772151899
9e9f0c7f-81c2-4e0b-98f9-91ba3e52c8ab	0.012345679012345678	0.8987341772151899
9e9f0c7f-81c2-4e0b-98f9-91ba3e52c8ab	0.012345679012345678	0.8987341772151899
9e9f0c7f-81c2-4e0b-98f9-91ba3e52c8ab	0.012345679012345678	0.8860759493670886
9e9f0c7f-81c2-4e0b-98f9-91ba3e52c8ab	0.012345679012345678	0.8607594936708861
9e9f0c7f-81c2-4e0b-98f9-91ba3e52c8ab	0.012345679012345678	0.8607594936708861
9e9f0c7f-81c2-4e0b-98f9-91ba3e52c8ab	0.012345679012345678	0.8607594936708861
9e9f0c7f-81c2-4e0b-98f9-91ba3e52c8ab	0.012345679012345678	0.8607594936708861
9e9f0c7f-81c2-4e0b-98f9-91ba3e52c8ab	0.012345679012345678	0.8607594936708861
9e9f0c7f-81c2-4e0b-98f9-91ba3e52c8ab	0.012345679012345678	0.8607594936708861
9e9f0c7f-81c2-4e0b-98f9-91ba3e52c8ab	0.012345679012345678	0.8607594936708861
9e9f0c7f-81c2-4e0b-98f9-91ba3e52c8ab	0.012345679012345678	0.8607594936708861
9e9f0c7f-81c2-4e0b-98f9-91ba3e52c8ab	0.012345679012345678	0.8607594936708861
9e9f0c7f-81c2-4e0b-98f9-91ba3e52c8ab	0.012345679012345678	0.8607594936708861
9e9f0c7f-81c2-4e0b-98f9-91ba3e52c8ab	0.012345679012345678	0.8607594936708861
9e9f0c7f-81c2-4e0b-98f9-91ba3e52c8ab	0.012345679012345678	0.8607594936708861
9e9f0c7f-81c2-4e0b-98f9-91ba3e52c8ab	0.012345679012345678	0.8607594936708861
9e9f0c7f-81c2-4e0b-98f9-91ba3e52c8ab	0.012345679012345678	0.8607594936708861
9e9f0c7f-81c2-4e0b-98f9-91ba3e52c8ab	0.012345679012345678	0.8607594936708861
9e9f0c7f-81c2-4e0b-98f9-91ba3e52c8ab	0.012345679012345678	0.8607594936708861
9e9f0c7f-81c2-4e0b-98f9-91ba3e52c8ab	0.012345679012345678	0.8481012658227848
9e9f0c7f-81c2-4e0b-98f9-91ba3e52c8ab	0.012345679012345678	0.8481012658227848
9e9f0c7f-81c2-4e0b-98f9-91ba3e52c8ab	0.012345679012345678	0.8481012658227848
9e9f0c7f-81c2-4e0b-98f9-91ba3e52c8ab	0.012345679012345678	0.8481012658227848
9e9f0c7f-81c2-4e0b-98f9-91ba3e52c8ab	0.012345679012345678	0.8481012658227848
9e9f0c7f-81c2-4e0b-98f9-91ba3e52c8ab	0.012345679012345678	0.8481012658227848
9e9f0c7f-81c2-4e0b-98f9-91ba3e52c8ab	0.012345679012345678	0.8481012658227848
9e9f0c7f-81c2-4e0b-98f9-91ba3e52c8ab	0.012345679012345678	0.8481012658227848
9e9f0c7f-81c2-4e0b-98f9-91ba3e52c8ab	0.012345679012345678	0.8481012658227848
9e9f0c7f-81c2-4e0b-98f9-91ba3e52c8ab	0.012345679012345678	0.8481012658227848
9e9f0c7f-81c2-4e0b-98f9-91ba3e52c8ab	0.012345679012345678	0.8481012658227848
9e9f0c7f-81c2-4e0b-98f9-91ba3e52c8ab	0.012345679012345678	0.8481012658227848
9e9f0c7f-81c2-4e0b-98f9-91ba3e52c8ab	0.012345679012345678	0.8354430379746836
9e9f0c7f-81c2-4e0b-98f9-91ba3e52c8ab	0.012345679012345678	0.8227848101265823
9e9f0c7f-81c2-4e0b-98f9-91ba3e52c8ab	0.012345679012345678	0.8227848101265823
9e9f0c7f-81c2-4e0b-98f9-91ba3e52c8ab	0.012345679012345678	0.8227848101265823
9e9f0c7f-81c2-4e0b-98f9-91ba3e52c8ab	0.012345679012345678	0.8227848101265823
9e9f0c7f-81c2-4e0b-98f9-91ba3e52c8ab	0.012345679012345678	0.8227848101265823
9e9f0c7f-81c2-4e0b-98f9-91ba3e52c8ab	0.012345679012345678	0.8227848101265823
9e9f0c7f-81c2-4e0b-98f9-91ba3e52c8ab	0.012345679012345678	0.8227848101265823
9e9f0c7f-81c2-4e0b-98f9-91ba3e52c8ab	0.012345679012345678	0.8227848101265823
9e9f0c7f-81c2-4e0b-98f9-91ba3e52c8ab	0.024691358024691357	0.8987341772151899
9e9f0c7f-81c2-4e0b-98f9-91ba3e52c8ab	0.024691358024691357	0.8987341772151899
9e9f0c7f-81c2-4e0b-98f9-91ba3e52c8ab	0.024691358024691357	0.8987341772151899
9e9f0c7f-81c2-4e0b-98f9-91ba3e52c8ab	0.024691358024691357	0.8987341772151899
9e9f0c7f-81c2-4e0b-98f9-91ba3e52c8ab	0.024691358024691357	0.8987341772151899
9e9f0c7f-81c2-4e0b-98f9-91ba3e52c8ab	0.024691358024691357	0.8987341772151899
9e9f0c7f-81c2-4e0b-98f9-91ba3e52c8ab	0.024691358024691357	0.8987341772151899
9e9f0c7f-81c2-4e0b-98f9-91ba3e52c8ab	0.024691358024691357	0.8987341772151899
9e9f0c7f-81c2-4e0b-98f9-91ba3e52c8ab	0.024691358024691357	0.8987341772151899
9e9f0c7f-81c2-4e0b-98f9-91ba3e52c8ab	0.024691358024691357	0.8987341772151899
9e9f0c7f-81c2-4e0b-98f9-91ba3e52c8ab	0.024691358024691357	0.8987341772151899
9e9f0c7f-81c2-4e0b-98f9-91ba3e52c8ab	0.024691358024691357	0.8987341772151899
9e9f0c7f-81c2-4e0b-98f9-91ba3e52c8ab	0.024691358024691357	0.8987341772151899
9e9f0c7f-81c2-4e0b-98f9-91ba3e52c8ab	0.024691358024691357	0.8987341772151899
9e9f0c7f-81c2-4e0b-98f9-91ba3e52c8ab	0.024691358024691357	0.8987341772151899
9e9f0c7f-81c2-4e0b-98f9-91ba3e52c8ab	0.024691358024691357	0.8987341772151899
9e9f0c7f-81c2-4e0b-98f9-91ba3e52c8ab	0.024691358024691357	0.8987341772151899
9e9f0c7f-81c2-4e0b-98f9-91ba3e52c8ab	0.024691358024691357	0.8987341772151899
9e9f0c7f-81c2-4e0b-98f9-91ba3e52c8ab	0.024691358024691357	0.8987341772151899
9e9f0c7f-81c2-4e0b-98f9-91ba3e52c8ab	0.024691358024691357	0.8987341772151899
9e9f0c7f-81c2-4e0b-98f9-91ba3e52c8ab	0.024691358024691357	0.8987341772151899
9e9f0c7f-81c2-4e0b-98f9-91ba3e52c8ab	0.024691358024691357	0.8987341772151899
9e9f0c7f-81c2-4e0b-98f9-91ba3e52c8ab	0.024691358024691357	0.8987341772151899
9e9f0c7f-81c2-4e0b-98f9-91ba3e52c8ab	0.024691358024691357	0.8987341772151899
9e9f0c7f-81c2-4e0b-98f9-91ba3e52c8ab	0.024691358024691357	0.8987341772151899
9e9f0c7f-81c2-4e0b-98f9-91ba3e52c8ab	0.024691358024691357	0.8987341772151899
9e9f0c7f-81c2-4e0b-98f9-91ba3e52c8ab	0.024691358024691357	0.8987341772151899
9e9f0c7f-81c2-4e0b-98f9-91ba3e52c8ab	0.024691358024691357	0.8987341772151899
9e9f0c7f-81c2-4e0b-98f9-91ba3e52c8ab	0.024691358024691357	0.8987341772151899
9e9f0c7f-81c2-4e0b-98f9-91ba3e52c8ab	0.024691358024691357	0.8987341772151899
9e9f0c7f-81c2-4e0b-98f9-91ba3e52c8ab	0.024691358024691357	0.8987341772151899
9e9f0c7f-81c2-4e0b-98f9-91ba3e52c8ab	0.024691358024691357	0.8987341772151899
9e9f0c7f-81c2-4e0b-98f9-91ba3e52c8ab	0.024691358024691357	0.8987341772151899
9e9f0c7f-81c2-4e0b-98f9-91ba3e52c8ab	0.024691358024691357	0.8987341772151899
9e9f0c7f-81c2-4e0b-98f9-91ba3e52c8ab	0.024691358024691357	0.8987341772151899
9e9f0c7f-81c2-4e0b-98f9-91ba3e52c8ab	0.024691358024691357	0.8987341772151899
9e9f0c7f-81c2-4e0b-98f9-91ba3e52c8ab	0.024691358024691357	0.8987341772151899
9e9f0c7f-81c2-4e0b-98f9-91ba3e52c8ab	0.024691358024691357	0.8987341772151899
9e9f0c7f-81c2-4e0b-98f9-91ba3e52c8ab	0.024691358024691357	0.8987341772151899
9e9f0c7f-81c2-4e0b-98f9-91ba3e52c8ab	0.037037037037037035	0.9367088607594937
9e9f0c7f-81c2-4e0b-98f9-91ba3e52c8ab	0.037037037037037035	0.9367088607594937
9e9f0c7f-81c2-4e0b-98f9-91ba3e52c8ab	0.037037037037037035	0.9367088607594937
9e9f0c7f-81c2-4e0b-98f9-91ba3e52c8ab	0.037037037037037035	0.9367088607594937
9e9f0c7f-81c2-4e0b-98f9-91ba3e52c8ab	0.037037037037037035	0.9367088607594937
9e9f0c7f-81c2-4e0b-98f9-91ba3e52c8ab	0.037037037037037035	0.9367088607594937
9e9f0c7f-81c2-4e0b-98f9-91ba3e52c8ab	0.037037037037037035	0.9367088607594937
9e9f0c7f-81c2-4e0b-98f9-91ba3e52c8ab	0.037037037037037035	0.9367088607594937
9e9f0c7f-81c2-4e0b-98f9-91ba3e52c8ab	0.037037037037037035	0.9367088607594937
9e9f0c7f-81c2-4e0b-98f9-91ba3e52c8ab	0.037037037037037035	0.9367088607594937
9e9f0c7f-81c2-4e0b-98f9-91ba3e52c8ab	0.037037037037037035	0.9367088607594937
9e9f0c7f-81c2-4e0b-98f9-91ba3e52c8ab	0.037037037037037035	0.9367088607594937
9e9f0c7f-81c2-4e0b-98f9-91ba3e52c8ab	0.037037037037037035	0.9367088607594937
9e9f0c7f-81c2-4e0b-98f9-91ba3e52c8ab	0.037037037037037035	0.9367088607594937
9e9f0c7f-81c2-4e0b-98f9-91ba3e52c8ab	0.037037037037037035	0.9367088607594937
9e9f0c7f-81c2-4e0b-98f9-91ba3e52c8ab	0.037037037037037035	0.9367088607594937
9e9f0c7f-81c2-4e0b-98f9-91ba3e52c8ab	0.037037037037037035	0.9367088607594937
9e9f0c7f-81c2-4e0b-98f9-91ba3e52c8ab	0.037037037037037035	0.9367088607594937
9e9f0c7f-81c2-4e0b-98f9-91ba3e52c8ab	0.037037037037037035	0.9367088607594937
9e9f0c7f-81c2-4e0b-98f9-91ba3e52c8ab	0.037037037037037035	0.9367088607594937
9e9f0c7f-81c2-4e0b-98f9-91ba3e52c8ab	0.037037037037037035	0.9367088607594937
9e9f0c7f-81c2-4e0b-98f9-91ba3e52c8ab	0.037037037037037035	0.9367088607594937
9e9f0c7f-81c2-4e0b-98f9-91ba3e52c8ab	0.037037037037037035	0.9367088607594937
9e9f0c7f-81c2-4e0b-98f9-91ba3e52c8ab	0.037037037037037035	0.9367088607594937
9e9f0c7f-81c2-4e0b-98f9-91ba3e52c8ab	0.037037037037037035	0.9367088607594937
9e9f0c7f-81c2-4e0b-98f9-91ba3e52c8ab	0.037037037037037035	0.9367088607594937
9e9f0c7f-81c2-4e0b-98f9-91ba3e52c8ab	0.037037037037037035	0.9240506329113924
9e9f0c7f-81c2-4e0b-98f9-91ba3e52c8ab	0.037037037037037035	0.9240506329113924
9e9f0c7f-81c2-4e0b-98f9-91ba3e52c8ab	0.037037037037037035	0.9240506329113924
9e9f0c7f-81c2-4e0b-98f9-91ba3e52c8ab	0.037037037037037035	0.9240506329113924
9e9f0c7f-81c2-4e0b-98f9-91ba3e52c8ab	0.037037037037037035	0.9240506329113924
9e9f0c7f-81c2-4e0b-98f9-91ba3e52c8ab	0.037037037037037035	0.9240506329113924
9e9f0c7f-81c2-4e0b-98f9-91ba3e52c8ab	0.037037037037037035	0.9240506329113924
9e9f0c7f-81c2-4e0b-98f9-91ba3e52c8ab	0.037037037037037035	0.9240506329113924
9e9f0c7f-81c2-4e0b-98f9-91ba3e52c8ab	0.037037037037037035	0.9240506329113924
9e9f0c7f-81c2-4e0b-98f9-91ba3e52c8ab	0.037037037037037035	0.9240506329113924
9e9f0c7f-81c2-4e0b-98f9-91ba3e52c8ab	0.037037037037037035	0.9240506329113924
9e9f0c7f-81c2-4e0b-98f9-91ba3e52c8ab	0.037037037037037035	0.9240506329113924
9e9f0c7f-81c2-4e0b-98f9-91ba3e52c8ab	0.037037037037037035	0.9240506329113924
9e9f0c7f-81c2-4e0b-98f9-91ba3e52c8ab	0.037037037037037035	0.9113924050632911
9e9f0c7f-81c2-4e0b-98f9-91ba3e52c8ab	0.037037037037037035	0.9113924050632911
9e9f0c7f-81c2-4e0b-98f9-91ba3e52c8ab	0.037037037037037035	0.9113924050632911
9e9f0c7f-81c2-4e0b-98f9-91ba3e52c8ab	0.037037037037037035	0.9113924050632911
9e9f0c7f-81c2-4e0b-98f9-91ba3e52c8ab	0.037037037037037035	0.9113924050632911
9e9f0c7f-81c2-4e0b-98f9-91ba3e52c8ab	0.037037037037037035	0.9113924050632911
9e9f0c7f-81c2-4e0b-98f9-91ba3e52c8ab	0.037037037037037035	0.9113924050632911
9e9f0c7f-81c2-4e0b-98f9-91ba3e52c8ab	0.037037037037037035	0.9113924050632911
9e9f0c7f-81c2-4e0b-98f9-91ba3e52c8ab	0.037037037037037035	0.9113924050632911
9e9f0c7f-81c2-4e0b-98f9-91ba3e52c8ab	0.037037037037037035	0.9113924050632911
9e9f0c7f-81c2-4e0b-98f9-91ba3e52c8ab	0.037037037037037035	0.9113924050632911
9e9f0c7f-81c2-4e0b-98f9-91ba3e52c8ab	0.037037037037037035	0.9113924050632911
9e9f0c7f-81c2-4e0b-98f9-91ba3e52c8ab	0.037037037037037035	0.9113924050632911
9e9f0c7f-81c2-4e0b-98f9-91ba3e52c8ab	0.037037037037037035	0.9113924050632911
9e9f0c7f-81c2-4e0b-98f9-91ba3e52c8ab	0.037037037037037035	0.9113924050632911
9e9f0c7f-81c2-4e0b-98f9-91ba3e52c8ab	0.037037037037037035	0.9113924050632911
9e9f0c7f-81c2-4e0b-98f9-91ba3e52c8ab	0.037037037037037035	0.8987341772151899
9e9f0c7f-81c2-4e0b-98f9-91ba3e52c8ab	0.037037037037037035	0.8987341772151899
9e9f0c7f-81c2-4e0b-98f9-91ba3e52c8ab	0.037037037037037035	0.8987341772151899
9e9f0c7f-81c2-4e0b-98f9-91ba3e52c8ab	0.037037037037037035	0.8987341772151899
9e9f0c7f-81c2-4e0b-98f9-91ba3e52c8ab	0.037037037037037035	0.8987341772151899
9e9f0c7f-81c2-4e0b-98f9-91ba3e52c8ab	0.037037037037037035	0.8987341772151899
9e9f0c7f-81c2-4e0b-98f9-91ba3e52c8ab	0.037037037037037035	0.8987341772151899
9e9f0c7f-81c2-4e0b-98f9-91ba3e52c8ab	0.037037037037037035	0.8987341772151899
9e9f0c7f-81c2-4e0b-98f9-91ba3e52c8ab	0.037037037037037035	0.8987341772151899
9e9f0c7f-81c2-4e0b-98f9-91ba3e52c8ab	0.037037037037037035	0.8987341772151899
9e9f0c7f-81c2-4e0b-98f9-91ba3e52c8ab	0.037037037037037035	0.8987341772151899
9e9f0c7f-81c2-4e0b-98f9-91ba3e52c8ab	0.037037037037037035	0.8987341772151899
9e9f0c7f-81c2-4e0b-98f9-91ba3e52c8ab	0.037037037037037035	0.8987341772151899
9e9f0c7f-81c2-4e0b-98f9-91ba3e52c8ab	0.037037037037037035	0.8987341772151899
9e9f0c7f-81c2-4e0b-98f9-91ba3e52c8ab	0.037037037037037035	0.8987341772151899
9e9f0c7f-81c2-4e0b-98f9-91ba3e52c8ab	0.037037037037037035	0.8987341772151899
9e9f0c7f-81c2-4e0b-98f9-91ba3e52c8ab	0.037037037037037035	0.8987341772151899
9e9f0c7f-81c2-4e0b-98f9-91ba3e52c8ab	0.037037037037037035	0.8987341772151899
9e9f0c7f-81c2-4e0b-98f9-91ba3e52c8ab	0.037037037037037035	0.8987341772151899
9e9f0c7f-81c2-4e0b-98f9-91ba3e52c8ab	0.037037037037037035	0.8987341772151899
9e9f0c7f-81c2-4e0b-98f9-91ba3e52c8ab	0.037037037037037035	0.8987341772151899
9e9f0c7f-81c2-4e0b-98f9-91ba3e52c8ab	0.037037037037037035	0.8987341772151899
9e9f0c7f-81c2-4e0b-98f9-91ba3e52c8ab	0.037037037037037035	0.8987341772151899
9e9f0c7f-81c2-4e0b-98f9-91ba3e52c8ab	0.037037037037037035	0.8987341772151899
9e9f0c7f-81c2-4e0b-98f9-91ba3e52c8ab	0.037037037037037035	0.8987341772151899
9e9f0c7f-81c2-4e0b-98f9-91ba3e52c8ab	0.037037037037037035	0.8987341772151899
9e9f0c7f-81c2-4e0b-98f9-91ba3e52c8ab	0.037037037037037035	0.8987341772151899
9e9f0c7f-81c2-4e0b-98f9-91ba3e52c8ab	0.037037037037037035	0.8987341772151899
9e9f0c7f-81c2-4e0b-98f9-91ba3e52c8ab	0.037037037037037035	0.8987341772151899
9e9f0c7f-81c2-4e0b-98f9-91ba3e52c8ab	0.037037037037037035	0.8987341772151899
9e9f0c7f-81c2-4e0b-98f9-91ba3e52c8ab	0.037037037037037035	0.8987341772151899
9e9f0c7f-81c2-4e0b-98f9-91ba3e52c8ab	0.037037037037037035	0.8987341772151899
9e9f0c7f-81c2-4e0b-98f9-91ba3e52c8ab	0.037037037037037035	0.8987341772151899
9e9f0c7f-81c2-4e0b-98f9-91ba3e52c8ab	0.037037037037037035	0.8987341772151899
9e9f0c7f-81c2-4e0b-98f9-91ba3e52c8ab	0.037037037037037035	0.8987341772151899
9e9f0c7f-81c2-4e0b-98f9-91ba3e52c8ab	0.037037037037037035	0.8987341772151899
9e9f0c7f-81c2-4e0b-98f9-91ba3e52c8ab	0.037037037037037035	0.8987341772151899
9e9f0c7f-81c2-4e0b-98f9-91ba3e52c8ab	0.037037037037037035	0.8987341772151899
9e9f0c7f-81c2-4e0b-98f9-91ba3e52c8ab	0.037037037037037035	0.8987341772151899
9e9f0c7f-81c2-4e0b-98f9-91ba3e52c8ab	0.037037037037037035	0.8987341772151899
9e9f0c7f-81c2-4e0b-98f9-91ba3e52c8ab	0.037037037037037035	0.8987341772151899
9e9f0c7f-81c2-4e0b-98f9-91ba3e52c8ab	0.037037037037037035	0.8987341772151899
9e9f0c7f-81c2-4e0b-98f9-91ba3e52c8ab	0.037037037037037035	0.8987341772151899
9e9f0c7f-81c2-4e0b-98f9-91ba3e52c8ab	0.037037037037037035	0.8987341772151899
9e9f0c7f-81c2-4e0b-98f9-91ba3e52c8ab	0.037037037037037035	0.8987341772151899
9e9f0c7f-81c2-4e0b-98f9-91ba3e52c8ab	0.037037037037037035	0.8987341772151899
9e9f0c7f-81c2-4e0b-98f9-91ba3e52c8ab	0.037037037037037035	0.8987341772151899
9e9f0c7f-81c2-4e0b-98f9-91ba3e52c8ab	0.037037037037037035	0.8987341772151899
9e9f0c7f-81c2-4e0b-98f9-91ba3e52c8ab	0.037037037037037035	0.8987341772151899
9e9f0c7f-81c2-4e0b-98f9-91ba3e52c8ab	0.037037037037037035	0.8987341772151899
9e9f0c7f-81c2-4e0b-98f9-91ba3e52c8ab	0.037037037037037035	0.8987341772151899
9e9f0c7f-81c2-4e0b-98f9-91ba3e52c8ab	0.037037037037037035	0.8987341772151899
9e9f0c7f-81c2-4e0b-98f9-91ba3e52c8ab	0.037037037037037035	0.8987341772151899
9e9f0c7f-81c2-4e0b-98f9-91ba3e52c8ab	0.037037037037037035	0.8987341772151899
9e9f0c7f-81c2-4e0b-98f9-91ba3e52c8ab	0.037037037037037035	0.8987341772151899
9e9f0c7f-81c2-4e0b-98f9-91ba3e52c8ab	0.037037037037037035	0.8987341772151899
9e9f0c7f-81c2-4e0b-98f9-91ba3e52c8ab	0.037037037037037035	0.8987341772151899
9e9f0c7f-81c2-4e0b-98f9-91ba3e52c8ab	0.037037037037037035	0.8987341772151899
9e9f0c7f-81c2-4e0b-98f9-91ba3e52c8ab	0.037037037037037035	0.8987341772151899
9e9f0c7f-81c2-4e0b-98f9-91ba3e52c8ab	0.037037037037037035	0.8987341772151899
9e9f0c7f-81c2-4e0b-98f9-91ba3e52c8ab	0.037037037037037035	0.8987341772151899
9e9f0c7f-81c2-4e0b-98f9-91ba3e52c8ab	0.037037037037037035	0.8987341772151899
9e9f0c7f-81c2-4e0b-98f9-91ba3e52c8ab	0.037037037037037035	0.8987341772151899
9e9f0c7f-81c2-4e0b-98f9-91ba3e52c8ab	0.037037037037037035	0.8987341772151899
9e9f0c7f-81c2-4e0b-98f9-91ba3e52c8ab	0.037037037037037035	0.8987341772151899
9e9f0c7f-81c2-4e0b-98f9-91ba3e52c8ab	0.037037037037037035	0.8987341772151899
9e9f0c7f-81c2-4e0b-98f9-91ba3e52c8ab	0.037037037037037035	0.8987341772151899
9e9f0c7f-81c2-4e0b-98f9-91ba3e52c8ab	0.037037037037037035	0.8987341772151899
9e9f0c7f-81c2-4e0b-98f9-91ba3e52c8ab	0.037037037037037035	0.8987341772151899
9e9f0c7f-81c2-4e0b-98f9-91ba3e52c8ab	0.037037037037037035	0.8987341772151899
9e9f0c7f-81c2-4e0b-98f9-91ba3e52c8ab	0.037037037037037035	0.8987341772151899
9e9f0c7f-81c2-4e0b-98f9-91ba3e52c8ab	0.037037037037037035	0.8987341772151899
9e9f0c7f-81c2-4e0b-98f9-91ba3e52c8ab	0.037037037037037035	0.8987341772151899
9e9f0c7f-81c2-4e0b-98f9-91ba3e52c8ab	0.037037037037037035	0.8987341772151899
9e9f0c7f-81c2-4e0b-98f9-91ba3e52c8ab	0.037037037037037035	0.8987341772151899
9e9f0c7f-81c2-4e0b-98f9-91ba3e52c8ab	0.037037037037037035	0.8987341772151899
9e9f0c7f-81c2-4e0b-98f9-91ba3e52c8ab	0.037037037037037035	0.8987341772151899
9e9f0c7f-81c2-4e0b-98f9-91ba3e52c8ab	0.037037037037037035	0.8987341772151899
9e9f0c7f-81c2-4e0b-98f9-91ba3e52c8ab	0.037037037037037035	0.8987341772151899
9e9f0c7f-81c2-4e0b-98f9-91ba3e52c8ab	0.037037037037037035	0.8987341772151899
9e9f0c7f-81c2-4e0b-98f9-91ba3e52c8ab	0.037037037037037035	0.8987341772151899
9e9f0c7f-81c2-4e0b-98f9-91ba3e52c8ab	0.037037037037037035	0.8987341772151899
9e9f0c7f-81c2-4e0b-98f9-91ba3e52c8ab	0.037037037037037035	0.8987341772151899
9e9f0c7f-81c2-4e0b-98f9-91ba3e52c8ab	0.037037037037037035	0.8987341772151899
9e9f0c7f-81c2-4e0b-98f9-91ba3e52c8ab	0.037037037037037035	0.8987341772151899
9e9f0c7f-81c2-4e0b-98f9-91ba3e52c8ab	0.037037037037037035	0.8987341772151899
9e9f0c7f-81c2-4e0b-98f9-91ba3e52c8ab	0.037037037037037035	0.8987341772151899
9e9f0c7f-81c2-4e0b-98f9-91ba3e52c8ab	0.037037037037037035	0.8987341772151899
9e9f0c7f-81c2-4e0b-98f9-91ba3e52c8ab	0.037037037037037035	0.8987341772151899
9e9f0c7f-81c2-4e0b-98f9-91ba3e52c8ab	0.037037037037037035	0.8987341772151899
9e9f0c7f-81c2-4e0b-98f9-91ba3e52c8ab	0.037037037037037035	0.8987341772151899
9e9f0c7f-81c2-4e0b-98f9-91ba3e52c8ab	0.037037037037037035	0.8987341772151899
9e9f0c7f-81c2-4e0b-98f9-91ba3e52c8ab	0.037037037037037035	0.8987341772151899
9e9f0c7f-81c2-4e0b-98f9-91ba3e52c8ab	0.037037037037037035	0.8987341772151899
9e9f0c7f-81c2-4e0b-98f9-91ba3e52c8ab	0.037037037037037035	0.8987341772151899
9e9f0c7f-81c2-4e0b-98f9-91ba3e52c8ab	0.04938271604938271	0.9367088607594937
9e9f0c7f-81c2-4e0b-98f9-91ba3e52c8ab	0.04938271604938271	0.9367088607594937
9e9f0c7f-81c2-4e0b-98f9-91ba3e52c8ab	0.04938271604938271	0.9367088607594937
9e9f0c7f-81c2-4e0b-98f9-91ba3e52c8ab	0.04938271604938271	0.9367088607594937
9e9f0c7f-81c2-4e0b-98f9-91ba3e52c8ab	0.04938271604938271	0.9367088607594937
9e9f0c7f-81c2-4e0b-98f9-91ba3e52c8ab	0.04938271604938271	0.9367088607594937
9e9f0c7f-81c2-4e0b-98f9-91ba3e52c8ab	0.04938271604938271	0.9367088607594937
9e9f0c7f-81c2-4e0b-98f9-91ba3e52c8ab	0.04938271604938271	0.9367088607594937
9e9f0c7f-81c2-4e0b-98f9-91ba3e52c8ab	0.04938271604938271	0.9367088607594937
9e9f0c7f-81c2-4e0b-98f9-91ba3e52c8ab	0.04938271604938271	0.9367088607594937
9e9f0c7f-81c2-4e0b-98f9-91ba3e52c8ab	0.04938271604938271	0.9367088607594937
9e9f0c7f-81c2-4e0b-98f9-91ba3e52c8ab	0.04938271604938271	0.9367088607594937
9e9f0c7f-81c2-4e0b-98f9-91ba3e52c8ab	0.04938271604938271	0.9367088607594937
9e9f0c7f-81c2-4e0b-98f9-91ba3e52c8ab	0.04938271604938271	0.9367088607594937
9e9f0c7f-81c2-4e0b-98f9-91ba3e52c8ab	0.04938271604938271	0.9367088607594937
9e9f0c7f-81c2-4e0b-98f9-91ba3e52c8ab	0.04938271604938271	0.9367088607594937
9e9f0c7f-81c2-4e0b-98f9-91ba3e52c8ab	0.04938271604938271	0.9367088607594937
9e9f0c7f-81c2-4e0b-98f9-91ba3e52c8ab	0.04938271604938271	0.9367088607594937
9e9f0c7f-81c2-4e0b-98f9-91ba3e52c8ab	0.04938271604938271	0.9367088607594937
9e9f0c7f-81c2-4e0b-98f9-91ba3e52c8ab	0.04938271604938271	0.9367088607594937
9e9f0c7f-81c2-4e0b-98f9-91ba3e52c8ab	0.04938271604938271	0.9367088607594937
9e9f0c7f-81c2-4e0b-98f9-91ba3e52c8ab	0.04938271604938271	0.9367088607594937
9e9f0c7f-81c2-4e0b-98f9-91ba3e52c8ab	0.04938271604938271	0.9367088607594937
9e9f0c7f-81c2-4e0b-98f9-91ba3e52c8ab	0.04938271604938271	0.9367088607594937
9e9f0c7f-81c2-4e0b-98f9-91ba3e52c8ab	0.06172839506172839	0.9367088607594937
9e9f0c7f-81c2-4e0b-98f9-91ba3e52c8ab	0.06172839506172839	0.9367088607594937
9e9f0c7f-81c2-4e0b-98f9-91ba3e52c8ab	0.06172839506172839	0.9367088607594937
9e9f0c7f-81c2-4e0b-98f9-91ba3e52c8ab	0.06172839506172839	0.9367088607594937
9e9f0c7f-81c2-4e0b-98f9-91ba3e52c8ab	0.06172839506172839	0.9367088607594937
9e9f0c7f-81c2-4e0b-98f9-91ba3e52c8ab	0.06172839506172839	0.9367088607594937
9e9f0c7f-81c2-4e0b-98f9-91ba3e52c8ab	0.06172839506172839	0.9367088607594937
9e9f0c7f-81c2-4e0b-98f9-91ba3e52c8ab	0.06172839506172839	0.9367088607594937
9e9f0c7f-81c2-4e0b-98f9-91ba3e52c8ab	0.06172839506172839	0.9367088607594937
9e9f0c7f-81c2-4e0b-98f9-91ba3e52c8ab	0.06172839506172839	0.9367088607594937
9e9f0c7f-81c2-4e0b-98f9-91ba3e52c8ab	0.06172839506172839	0.9367088607594937
9e9f0c7f-81c2-4e0b-98f9-91ba3e52c8ab	0.06172839506172839	0.9367088607594937
9e9f0c7f-81c2-4e0b-98f9-91ba3e52c8ab	0.07407407407407407	0.9367088607594937
9e9f0c7f-81c2-4e0b-98f9-91ba3e52c8ab	0.07407407407407407	0.9367088607594937
9e9f0c7f-81c2-4e0b-98f9-91ba3e52c8ab	0.07407407407407407	0.9367088607594937
9e9f0c7f-81c2-4e0b-98f9-91ba3e52c8ab	0.07407407407407407	0.9367088607594937
9e9f0c7f-81c2-4e0b-98f9-91ba3e52c8ab	0.07407407407407407	0.9367088607594937
9e9f0c7f-81c2-4e0b-98f9-91ba3e52c8ab	0.08641975308641975	0.9620253164556962
9e9f0c7f-81c2-4e0b-98f9-91ba3e52c8ab	0.08641975308641975	0.9493670886075949
9e9f0c7f-81c2-4e0b-98f9-91ba3e52c8ab	0.08641975308641975	0.9493670886075949
9e9f0c7f-81c2-4e0b-98f9-91ba3e52c8ab	0.08641975308641975	0.9493670886075949
9e9f0c7f-81c2-4e0b-98f9-91ba3e52c8ab	0.08641975308641975	0.9493670886075949
9e9f0c7f-81c2-4e0b-98f9-91ba3e52c8ab	0.08641975308641975	0.9493670886075949
9e9f0c7f-81c2-4e0b-98f9-91ba3e52c8ab	0.08641975308641975	0.9367088607594937
9e9f0c7f-81c2-4e0b-98f9-91ba3e52c8ab	0.08641975308641975	0.9367088607594937
9e9f0c7f-81c2-4e0b-98f9-91ba3e52c8ab	0.08641975308641975	0.9367088607594937
9e9f0c7f-81c2-4e0b-98f9-91ba3e52c8ab	0.08641975308641975	0.9367088607594937
9e9f0c7f-81c2-4e0b-98f9-91ba3e52c8ab	0.08641975308641975	0.9367088607594937
9e9f0c7f-81c2-4e0b-98f9-91ba3e52c8ab	0.08641975308641975	0.9367088607594937
9e9f0c7f-81c2-4e0b-98f9-91ba3e52c8ab	0.08641975308641975	0.9367088607594937
9e9f0c7f-81c2-4e0b-98f9-91ba3e52c8ab	0.08641975308641975	0.9367088607594937
9e9f0c7f-81c2-4e0b-98f9-91ba3e52c8ab	0.08641975308641975	0.9367088607594937
9e9f0c7f-81c2-4e0b-98f9-91ba3e52c8ab	0.08641975308641975	0.9367088607594937
9e9f0c7f-81c2-4e0b-98f9-91ba3e52c8ab	0.08641975308641975	0.9367088607594937
9e9f0c7f-81c2-4e0b-98f9-91ba3e52c8ab	0.08641975308641975	0.9367088607594937
9e9f0c7f-81c2-4e0b-98f9-91ba3e52c8ab	0.08641975308641975	0.9367088607594937
9e9f0c7f-81c2-4e0b-98f9-91ba3e52c8ab	0.08641975308641975	0.9367088607594937
9e9f0c7f-81c2-4e0b-98f9-91ba3e52c8ab	0.08641975308641975	0.9367088607594937
9e9f0c7f-81c2-4e0b-98f9-91ba3e52c8ab	0.08641975308641975	0.9367088607594937
9e9f0c7f-81c2-4e0b-98f9-91ba3e52c8ab	0.08641975308641975	0.9367088607594937
9e9f0c7f-81c2-4e0b-98f9-91ba3e52c8ab	0.08641975308641975	0.9367088607594937
9e9f0c7f-81c2-4e0b-98f9-91ba3e52c8ab	0.08641975308641975	0.9367088607594937
9e9f0c7f-81c2-4e0b-98f9-91ba3e52c8ab	0.08641975308641975	0.9367088607594937
9e9f0c7f-81c2-4e0b-98f9-91ba3e52c8ab	0.08641975308641975	0.9367088607594937
9e9f0c7f-81c2-4e0b-98f9-91ba3e52c8ab	0.08641975308641975	0.9367088607594937
9e9f0c7f-81c2-4e0b-98f9-91ba3e52c8ab	0.08641975308641975	0.9367088607594937
9e9f0c7f-81c2-4e0b-98f9-91ba3e52c8ab	0.08641975308641975	0.9367088607594937
9e9f0c7f-81c2-4e0b-98f9-91ba3e52c8ab	0.08641975308641975	0.9367088607594937
9e9f0c7f-81c2-4e0b-98f9-91ba3e52c8ab	0.08641975308641975	0.9367088607594937
9e9f0c7f-81c2-4e0b-98f9-91ba3e52c8ab	0.08641975308641975	0.9367088607594937
9e9f0c7f-81c2-4e0b-98f9-91ba3e52c8ab	0.08641975308641975	0.9367088607594937
9e9f0c7f-81c2-4e0b-98f9-91ba3e52c8ab	0.08641975308641975	0.9367088607594937
9e9f0c7f-81c2-4e0b-98f9-91ba3e52c8ab	0.08641975308641975	0.9367088607594937
9e9f0c7f-81c2-4e0b-98f9-91ba3e52c8ab	0.08641975308641975	0.9367088607594937
9e9f0c7f-81c2-4e0b-98f9-91ba3e52c8ab	0.09876543209876543	0.9620253164556962
9e9f0c7f-81c2-4e0b-98f9-91ba3e52c8ab	0.09876543209876543	0.9620253164556962
9e9f0c7f-81c2-4e0b-98f9-91ba3e52c8ab	0.09876543209876543	0.9620253164556962
9e9f0c7f-81c2-4e0b-98f9-91ba3e52c8ab	0.09876543209876543	0.9620253164556962
9e9f0c7f-81c2-4e0b-98f9-91ba3e52c8ab	0.09876543209876543	0.9620253164556962
9e9f0c7f-81c2-4e0b-98f9-91ba3e52c8ab	0.09876543209876543	0.9620253164556962
9e9f0c7f-81c2-4e0b-98f9-91ba3e52c8ab	0.09876543209876543	0.9620253164556962
9e9f0c7f-81c2-4e0b-98f9-91ba3e52c8ab	0.09876543209876543	0.9620253164556962
9e9f0c7f-81c2-4e0b-98f9-91ba3e52c8ab	0.09876543209876543	0.9620253164556962
9e9f0c7f-81c2-4e0b-98f9-91ba3e52c8ab	0.09876543209876543	0.9620253164556962
9e9f0c7f-81c2-4e0b-98f9-91ba3e52c8ab	0.09876543209876543	0.9620253164556962
9e9f0c7f-81c2-4e0b-98f9-91ba3e52c8ab	0.09876543209876543	0.9620253164556962
9e9f0c7f-81c2-4e0b-98f9-91ba3e52c8ab	0.09876543209876543	0.9620253164556962
9e9f0c7f-81c2-4e0b-98f9-91ba3e52c8ab	0.09876543209876543	0.9620253164556962
9e9f0c7f-81c2-4e0b-98f9-91ba3e52c8ab	0.09876543209876543	0.9620253164556962
9e9f0c7f-81c2-4e0b-98f9-91ba3e52c8ab	0.09876543209876543	0.9620253164556962
9e9f0c7f-81c2-4e0b-98f9-91ba3e52c8ab	0.09876543209876543	0.9620253164556962
9e9f0c7f-81c2-4e0b-98f9-91ba3e52c8ab	0.09876543209876543	0.9620253164556962
9e9f0c7f-81c2-4e0b-98f9-91ba3e52c8ab	0.09876543209876543	0.9620253164556962
9e9f0c7f-81c2-4e0b-98f9-91ba3e52c8ab	0.09876543209876543	0.9620253164556962
9e9f0c7f-81c2-4e0b-98f9-91ba3e52c8ab	0.09876543209876543	0.9620253164556962
9e9f0c7f-81c2-4e0b-98f9-91ba3e52c8ab	0.09876543209876543	0.9620253164556962
9e9f0c7f-81c2-4e0b-98f9-91ba3e52c8ab	0.09876543209876543	0.9620253164556962
9e9f0c7f-81c2-4e0b-98f9-91ba3e52c8ab	0.09876543209876543	0.9620253164556962
9e9f0c7f-81c2-4e0b-98f9-91ba3e52c8ab	0.09876543209876543	0.9620253164556962
9e9f0c7f-81c2-4e0b-98f9-91ba3e52c8ab	0.09876543209876543	0.9620253164556962
9e9f0c7f-81c2-4e0b-98f9-91ba3e52c8ab	0.09876543209876543	0.9620253164556962
9e9f0c7f-81c2-4e0b-98f9-91ba3e52c8ab	0.09876543209876543	0.9620253164556962
9e9f0c7f-81c2-4e0b-98f9-91ba3e52c8ab	0.09876543209876543	0.9620253164556962
9e9f0c7f-81c2-4e0b-98f9-91ba3e52c8ab	0.09876543209876543	0.9620253164556962
9e9f0c7f-81c2-4e0b-98f9-91ba3e52c8ab	0.09876543209876543	0.9620253164556962
9e9f0c7f-81c2-4e0b-98f9-91ba3e52c8ab	0.09876543209876543	0.9620253164556962
9e9f0c7f-81c2-4e0b-98f9-91ba3e52c8ab	0.09876543209876543	0.9620253164556962
9e9f0c7f-81c2-4e0b-98f9-91ba3e52c8ab	0.09876543209876543	0.9620253164556962
9e9f0c7f-81c2-4e0b-98f9-91ba3e52c8ab	0.09876543209876543	0.9620253164556962
9e9f0c7f-81c2-4e0b-98f9-91ba3e52c8ab	0.09876543209876543	0.9620253164556962
9e9f0c7f-81c2-4e0b-98f9-91ba3e52c8ab	0.09876543209876543	0.9620253164556962
9e9f0c7f-81c2-4e0b-98f9-91ba3e52c8ab	0.09876543209876543	0.9620253164556962
9e9f0c7f-81c2-4e0b-98f9-91ba3e52c8ab	0.09876543209876543	0.9620253164556962
9e9f0c7f-81c2-4e0b-98f9-91ba3e52c8ab	0.09876543209876543	0.9620253164556962
9e9f0c7f-81c2-4e0b-98f9-91ba3e52c8ab	0.09876543209876543	0.9620253164556962
9e9f0c7f-81c2-4e0b-98f9-91ba3e52c8ab	0.09876543209876543	0.9620253164556962
9e9f0c7f-81c2-4e0b-98f9-91ba3e52c8ab	0.09876543209876543	0.9620253164556962
9e9f0c7f-81c2-4e0b-98f9-91ba3e52c8ab	0.09876543209876543	0.9620253164556962
9e9f0c7f-81c2-4e0b-98f9-91ba3e52c8ab	0.09876543209876543	0.9620253164556962
9e9f0c7f-81c2-4e0b-98f9-91ba3e52c8ab	0.09876543209876543	0.9620253164556962
9e9f0c7f-81c2-4e0b-98f9-91ba3e52c8ab	0.09876543209876543	0.9620253164556962
9e9f0c7f-81c2-4e0b-98f9-91ba3e52c8ab	0.09876543209876543	0.9620253164556962
9e9f0c7f-81c2-4e0b-98f9-91ba3e52c8ab	0.09876543209876543	0.9620253164556962
9e9f0c7f-81c2-4e0b-98f9-91ba3e52c8ab	0.09876543209876543	0.9620253164556962
9e9f0c7f-81c2-4e0b-98f9-91ba3e52c8ab	0.09876543209876543	0.9620253164556962
9e9f0c7f-81c2-4e0b-98f9-91ba3e52c8ab	0.09876543209876543	0.9620253164556962
9e9f0c7f-81c2-4e0b-98f9-91ba3e52c8ab	0.09876543209876543	0.9620253164556962
9e9f0c7f-81c2-4e0b-98f9-91ba3e52c8ab	0.09876543209876543	0.9620253164556962
9e9f0c7f-81c2-4e0b-98f9-91ba3e52c8ab	0.09876543209876543	0.9620253164556962
9e9f0c7f-81c2-4e0b-98f9-91ba3e52c8ab	0.09876543209876543	0.9620253164556962
9e9f0c7f-81c2-4e0b-98f9-91ba3e52c8ab	0.09876543209876543	0.9620253164556962
9e9f0c7f-81c2-4e0b-98f9-91ba3e52c8ab	0.09876543209876543	0.9620253164556962
9e9f0c7f-81c2-4e0b-98f9-91ba3e52c8ab	0.09876543209876543	0.9620253164556962
9e9f0c7f-81c2-4e0b-98f9-91ba3e52c8ab	0.09876543209876543	0.9620253164556962
9e9f0c7f-81c2-4e0b-98f9-91ba3e52c8ab	0.09876543209876543	0.9620253164556962
9e9f0c7f-81c2-4e0b-98f9-91ba3e52c8ab	0.09876543209876543	0.9620253164556962
9e9f0c7f-81c2-4e0b-98f9-91ba3e52c8ab	0.09876543209876543	0.9620253164556962
9e9f0c7f-81c2-4e0b-98f9-91ba3e52c8ab	0.09876543209876543	0.9620253164556962
9e9f0c7f-81c2-4e0b-98f9-91ba3e52c8ab	0.09876543209876543	0.9620253164556962
9e9f0c7f-81c2-4e0b-98f9-91ba3e52c8ab	0.09876543209876543	0.9620253164556962
9e9f0c7f-81c2-4e0b-98f9-91ba3e52c8ab	0.09876543209876543	0.9620253164556962
9e9f0c7f-81c2-4e0b-98f9-91ba3e52c8ab	0.09876543209876543	0.9620253164556962
9e9f0c7f-81c2-4e0b-98f9-91ba3e52c8ab	0.09876543209876543	0.9620253164556962
9e9f0c7f-81c2-4e0b-98f9-91ba3e52c8ab	0.09876543209876543	0.9620253164556962
9e9f0c7f-81c2-4e0b-98f9-91ba3e52c8ab	0.09876543209876543	0.9620253164556962
9e9f0c7f-81c2-4e0b-98f9-91ba3e52c8ab	0.09876543209876543	0.9620253164556962
9e9f0c7f-81c2-4e0b-98f9-91ba3e52c8ab	0.09876543209876543	0.9620253164556962
9e9f0c7f-81c2-4e0b-98f9-91ba3e52c8ab	0.09876543209876543	0.9620253164556962
9e9f0c7f-81c2-4e0b-98f9-91ba3e52c8ab	0.09876543209876543	0.9620253164556962
9e9f0c7f-81c2-4e0b-98f9-91ba3e52c8ab	0.09876543209876543	0.9620253164556962
9e9f0c7f-81c2-4e0b-98f9-91ba3e52c8ab	0.09876543209876543	0.9620253164556962
9e9f0c7f-81c2-4e0b-98f9-91ba3e52c8ab	0.09876543209876543	0.9620253164556962
9e9f0c7f-81c2-4e0b-98f9-91ba3e52c8ab	0.09876543209876543	0.9620253164556962
9e9f0c7f-81c2-4e0b-98f9-91ba3e52c8ab	0.09876543209876543	0.9620253164556962
9e9f0c7f-81c2-4e0b-98f9-91ba3e52c8ab	0.09876543209876543	0.9620253164556962
9e9f0c7f-81c2-4e0b-98f9-91ba3e52c8ab	0.09876543209876543	0.9620253164556962
9e9f0c7f-81c2-4e0b-98f9-91ba3e52c8ab	0.09876543209876543	0.9620253164556962
9e9f0c7f-81c2-4e0b-98f9-91ba3e52c8ab	0.09876543209876543	0.9620253164556962
9e9f0c7f-81c2-4e0b-98f9-91ba3e52c8ab	0.09876543209876543	0.9620253164556962
9e9f0c7f-81c2-4e0b-98f9-91ba3e52c8ab	0.09876543209876543	0.9620253164556962
9e9f0c7f-81c2-4e0b-98f9-91ba3e52c8ab	0.09876543209876543	0.9620253164556962
9e9f0c7f-81c2-4e0b-98f9-91ba3e52c8ab	0.09876543209876543	0.9620253164556962
9e9f0c7f-81c2-4e0b-98f9-91ba3e52c8ab	0.09876543209876543	0.9620253164556962
9e9f0c7f-81c2-4e0b-98f9-91ba3e52c8ab	0.09876543209876543	0.9620253164556962
9e9f0c7f-81c2-4e0b-98f9-91ba3e52c8ab	0.09876543209876543	0.9620253164556962
9e9f0c7f-81c2-4e0b-98f9-91ba3e52c8ab	0.1111111111111111	0.9620253164556962
9e9f0c7f-81c2-4e0b-98f9-91ba3e52c8ab	0.1111111111111111	0.9620253164556962
9e9f0c7f-81c2-4e0b-98f9-91ba3e52c8ab	0.1111111111111111	0.9620253164556962
9e9f0c7f-81c2-4e0b-98f9-91ba3e52c8ab	0.1111111111111111	0.9620253164556962
9e9f0c7f-81c2-4e0b-98f9-91ba3e52c8ab	0.1111111111111111	0.9620253164556962
9e9f0c7f-81c2-4e0b-98f9-91ba3e52c8ab	0.1111111111111111	0.9620253164556962
9e9f0c7f-81c2-4e0b-98f9-91ba3e52c8ab	0.1111111111111111	0.9620253164556962
9e9f0c7f-81c2-4e0b-98f9-91ba3e52c8ab	0.1111111111111111	0.9620253164556962
9e9f0c7f-81c2-4e0b-98f9-91ba3e52c8ab	0.1111111111111111	0.9620253164556962
9e9f0c7f-81c2-4e0b-98f9-91ba3e52c8ab	0.1111111111111111	0.9620253164556962
9e9f0c7f-81c2-4e0b-98f9-91ba3e52c8ab	0.1111111111111111	0.9620253164556962
9e9f0c7f-81c2-4e0b-98f9-91ba3e52c8ab	0.12345679012345678	0.9873417721518988
9e9f0c7f-81c2-4e0b-98f9-91ba3e52c8ab	0.12345679012345678	0.9873417721518988
9e9f0c7f-81c2-4e0b-98f9-91ba3e52c8ab	0.12345679012345678	0.9873417721518988
9e9f0c7f-81c2-4e0b-98f9-91ba3e52c8ab	0.12345679012345678	0.9873417721518988
9e9f0c7f-81c2-4e0b-98f9-91ba3e52c8ab	0.12345679012345678	0.9873417721518988
9e9f0c7f-81c2-4e0b-98f9-91ba3e52c8ab	0.12345679012345678	0.9873417721518988
9e9f0c7f-81c2-4e0b-98f9-91ba3e52c8ab	0.12345679012345678	0.9873417721518988
9e9f0c7f-81c2-4e0b-98f9-91ba3e52c8ab	0.12345679012345678	0.9873417721518988
9e9f0c7f-81c2-4e0b-98f9-91ba3e52c8ab	0.12345679012345678	0.9873417721518988
9e9f0c7f-81c2-4e0b-98f9-91ba3e52c8ab	0.12345679012345678	0.9873417721518988
9e9f0c7f-81c2-4e0b-98f9-91ba3e52c8ab	0.12345679012345678	0.9873417721518988
9e9f0c7f-81c2-4e0b-98f9-91ba3e52c8ab	0.12345679012345678	0.9873417721518988
9e9f0c7f-81c2-4e0b-98f9-91ba3e52c8ab	0.12345679012345678	0.9873417721518988
9e9f0c7f-81c2-4e0b-98f9-91ba3e52c8ab	0.12345679012345678	0.9873417721518988
9e9f0c7f-81c2-4e0b-98f9-91ba3e52c8ab	0.12345679012345678	0.9873417721518988
9e9f0c7f-81c2-4e0b-98f9-91ba3e52c8ab	0.12345679012345678	0.9873417721518988
9e9f0c7f-81c2-4e0b-98f9-91ba3e52c8ab	0.12345679012345678	0.9873417721518988
9e9f0c7f-81c2-4e0b-98f9-91ba3e52c8ab	0.12345679012345678	0.9873417721518988
9e9f0c7f-81c2-4e0b-98f9-91ba3e52c8ab	0.12345679012345678	0.9873417721518988
9e9f0c7f-81c2-4e0b-98f9-91ba3e52c8ab	0.12345679012345678	0.9873417721518988
9e9f0c7f-81c2-4e0b-98f9-91ba3e52c8ab	0.12345679012345678	0.9873417721518988
9e9f0c7f-81c2-4e0b-98f9-91ba3e52c8ab	0.12345679012345678	0.9873417721518988
9e9f0c7f-81c2-4e0b-98f9-91ba3e52c8ab	0.12345679012345678	0.9873417721518988
9e9f0c7f-81c2-4e0b-98f9-91ba3e52c8ab	0.12345679012345678	0.9873417721518988
9e9f0c7f-81c2-4e0b-98f9-91ba3e52c8ab	0.12345679012345678	0.9873417721518988
9e9f0c7f-81c2-4e0b-98f9-91ba3e52c8ab	0.12345679012345678	0.9873417721518988
9e9f0c7f-81c2-4e0b-98f9-91ba3e52c8ab	0.12345679012345678	0.9873417721518988
9e9f0c7f-81c2-4e0b-98f9-91ba3e52c8ab	0.12345679012345678	0.9873417721518988
9e9f0c7f-81c2-4e0b-98f9-91ba3e52c8ab	0.12345679012345678	0.9873417721518988
9e9f0c7f-81c2-4e0b-98f9-91ba3e52c8ab	0.12345679012345678	0.9873417721518988
9e9f0c7f-81c2-4e0b-98f9-91ba3e52c8ab	0.12345679012345678	0.9873417721518988
9e9f0c7f-81c2-4e0b-98f9-91ba3e52c8ab	0.12345679012345678	0.9873417721518988
9e9f0c7f-81c2-4e0b-98f9-91ba3e52c8ab	0.12345679012345678	0.9873417721518988
9e9f0c7f-81c2-4e0b-98f9-91ba3e52c8ab	0.12345679012345678	0.9873417721518988
9e9f0c7f-81c2-4e0b-98f9-91ba3e52c8ab	0.12345679012345678	0.9873417721518988
9e9f0c7f-81c2-4e0b-98f9-91ba3e52c8ab	0.12345679012345678	0.9873417721518988
9e9f0c7f-81c2-4e0b-98f9-91ba3e52c8ab	0.12345679012345678	0.9873417721518988
9e9f0c7f-81c2-4e0b-98f9-91ba3e52c8ab	0.12345679012345678	0.9873417721518988
9e9f0c7f-81c2-4e0b-98f9-91ba3e52c8ab	0.12345679012345678	0.9873417721518988
9e9f0c7f-81c2-4e0b-98f9-91ba3e52c8ab	0.12345679012345678	0.9873417721518988
9e9f0c7f-81c2-4e0b-98f9-91ba3e52c8ab	0.12345679012345678	0.9873417721518988
9e9f0c7f-81c2-4e0b-98f9-91ba3e52c8ab	0.12345679012345678	0.9873417721518988
9e9f0c7f-81c2-4e0b-98f9-91ba3e52c8ab	0.12345679012345678	0.9873417721518988
9e9f0c7f-81c2-4e0b-98f9-91ba3e52c8ab	0.12345679012345678	0.9873417721518988
9e9f0c7f-81c2-4e0b-98f9-91ba3e52c8ab	0.12345679012345678	0.9873417721518988
9e9f0c7f-81c2-4e0b-98f9-91ba3e52c8ab	0.12345679012345678	0.9873417721518988
9e9f0c7f-81c2-4e0b-98f9-91ba3e52c8ab	0.12345679012345678	0.9873417721518988
9e9f0c7f-81c2-4e0b-98f9-91ba3e52c8ab	0.12345679012345678	0.9873417721518988
9e9f0c7f-81c2-4e0b-98f9-91ba3e52c8ab	0.12345679012345678	0.9873417721518988
9e9f0c7f-81c2-4e0b-98f9-91ba3e52c8ab	0.12345679012345678	0.9873417721518988
9e9f0c7f-81c2-4e0b-98f9-91ba3e52c8ab	0.12345679012345678	0.9873417721518988
9e9f0c7f-81c2-4e0b-98f9-91ba3e52c8ab	0.12345679012345678	0.9873417721518988
9e9f0c7f-81c2-4e0b-98f9-91ba3e52c8ab	0.12345679012345678	0.9873417721518988
9e9f0c7f-81c2-4e0b-98f9-91ba3e52c8ab	0.12345679012345678	0.9873417721518988
9e9f0c7f-81c2-4e0b-98f9-91ba3e52c8ab	0.12345679012345678	0.9873417721518988
9e9f0c7f-81c2-4e0b-98f9-91ba3e52c8ab	0.12345679012345678	0.9873417721518988
9e9f0c7f-81c2-4e0b-98f9-91ba3e52c8ab	0.12345679012345678	0.9873417721518988
9e9f0c7f-81c2-4e0b-98f9-91ba3e52c8ab	0.12345679012345678	0.9873417721518988
9e9f0c7f-81c2-4e0b-98f9-91ba3e52c8ab	0.12345679012345678	0.9873417721518988
9e9f0c7f-81c2-4e0b-98f9-91ba3e52c8ab	0.12345679012345678	0.9873417721518988
9e9f0c7f-81c2-4e0b-98f9-91ba3e52c8ab	0.12345679012345678	0.9746835443037974
9e9f0c7f-81c2-4e0b-98f9-91ba3e52c8ab	0.12345679012345678	0.9746835443037974
9e9f0c7f-81c2-4e0b-98f9-91ba3e52c8ab	0.12345679012345678	0.9746835443037974
9e9f0c7f-81c2-4e0b-98f9-91ba3e52c8ab	0.12345679012345678	0.9746835443037974
9e9f0c7f-81c2-4e0b-98f9-91ba3e52c8ab	0.12345679012345678	0.9746835443037974
9e9f0c7f-81c2-4e0b-98f9-91ba3e52c8ab	0.12345679012345678	0.9746835443037974
9e9f0c7f-81c2-4e0b-98f9-91ba3e52c8ab	0.12345679012345678	0.9746835443037974
9e9f0c7f-81c2-4e0b-98f9-91ba3e52c8ab	0.12345679012345678	0.9746835443037974
9e9f0c7f-81c2-4e0b-98f9-91ba3e52c8ab	0.12345679012345678	0.9746835443037974
9e9f0c7f-81c2-4e0b-98f9-91ba3e52c8ab	0.12345679012345678	0.9746835443037974
9e9f0c7f-81c2-4e0b-98f9-91ba3e52c8ab	0.12345679012345678	0.9746835443037974
9e9f0c7f-81c2-4e0b-98f9-91ba3e52c8ab	0.12345679012345678	0.9746835443037974
9e9f0c7f-81c2-4e0b-98f9-91ba3e52c8ab	0.12345679012345678	0.9746835443037974
9e9f0c7f-81c2-4e0b-98f9-91ba3e52c8ab	0.12345679012345678	0.9746835443037974
9e9f0c7f-81c2-4e0b-98f9-91ba3e52c8ab	0.12345679012345678	0.9746835443037974
9e9f0c7f-81c2-4e0b-98f9-91ba3e52c8ab	0.12345679012345678	0.9746835443037974
9e9f0c7f-81c2-4e0b-98f9-91ba3e52c8ab	0.12345679012345678	0.9746835443037974
9e9f0c7f-81c2-4e0b-98f9-91ba3e52c8ab	0.12345679012345678	0.9746835443037974
9e9f0c7f-81c2-4e0b-98f9-91ba3e52c8ab	0.12345679012345678	0.9620253164556962
9e9f0c7f-81c2-4e0b-98f9-91ba3e52c8ab	0.13580246913580246	0.9873417721518988
9e9f0c7f-81c2-4e0b-98f9-91ba3e52c8ab	0.13580246913580246	0.9873417721518988
9e9f0c7f-81c2-4e0b-98f9-91ba3e52c8ab	0.13580246913580246	0.9873417721518988
9e9f0c7f-81c2-4e0b-98f9-91ba3e52c8ab	0.13580246913580246	0.9873417721518988
9e9f0c7f-81c2-4e0b-98f9-91ba3e52c8ab	0.13580246913580246	0.9873417721518988
9e9f0c7f-81c2-4e0b-98f9-91ba3e52c8ab	0.13580246913580246	0.9873417721518988
9e9f0c7f-81c2-4e0b-98f9-91ba3e52c8ab	0.13580246913580246	0.9873417721518988
9e9f0c7f-81c2-4e0b-98f9-91ba3e52c8ab	0.13580246913580246	0.9873417721518988
9e9f0c7f-81c2-4e0b-98f9-91ba3e52c8ab	0.13580246913580246	0.9873417721518988
9e9f0c7f-81c2-4e0b-98f9-91ba3e52c8ab	0.13580246913580246	0.9873417721518988
9e9f0c7f-81c2-4e0b-98f9-91ba3e52c8ab	0.13580246913580246	0.9873417721518988
9e9f0c7f-81c2-4e0b-98f9-91ba3e52c8ab	0.13580246913580246	0.9873417721518988
9e9f0c7f-81c2-4e0b-98f9-91ba3e52c8ab	0.13580246913580246	0.9873417721518988
9e9f0c7f-81c2-4e0b-98f9-91ba3e52c8ab	0.13580246913580246	0.9873417721518988
9e9f0c7f-81c2-4e0b-98f9-91ba3e52c8ab	0.13580246913580246	0.9873417721518988
9e9f0c7f-81c2-4e0b-98f9-91ba3e52c8ab	0.13580246913580246	0.9873417721518988
9e9f0c7f-81c2-4e0b-98f9-91ba3e52c8ab	0.14814814814814814	0.9873417721518988
9e9f0c7f-81c2-4e0b-98f9-91ba3e52c8ab	0.14814814814814814	0.9873417721518988
9e9f0c7f-81c2-4e0b-98f9-91ba3e52c8ab	0.14814814814814814	0.9873417721518988
9e9f0c7f-81c2-4e0b-98f9-91ba3e52c8ab	0.14814814814814814	0.9873417721518988
9e9f0c7f-81c2-4e0b-98f9-91ba3e52c8ab	0.14814814814814814	0.9873417721518988
9e9f0c7f-81c2-4e0b-98f9-91ba3e52c8ab	0.14814814814814814	0.9873417721518988
9e9f0c7f-81c2-4e0b-98f9-91ba3e52c8ab	0.14814814814814814	0.9873417721518988
9e9f0c7f-81c2-4e0b-98f9-91ba3e52c8ab	0.14814814814814814	0.9873417721518988
9e9f0c7f-81c2-4e0b-98f9-91ba3e52c8ab	0.14814814814814814	0.9873417721518988
9e9f0c7f-81c2-4e0b-98f9-91ba3e52c8ab	0.14814814814814814	0.9873417721518988
9e9f0c7f-81c2-4e0b-98f9-91ba3e52c8ab	0.14814814814814814	0.9873417721518988
9e9f0c7f-81c2-4e0b-98f9-91ba3e52c8ab	0.16049382716049382	0.9873417721518988
9e9f0c7f-81c2-4e0b-98f9-91ba3e52c8ab	0.16049382716049382	0.9873417721518988
9e9f0c7f-81c2-4e0b-98f9-91ba3e52c8ab	0.16049382716049382	0.9873417721518988
9e9f0c7f-81c2-4e0b-98f9-91ba3e52c8ab	0.16049382716049382	0.9873417721518988
9e9f0c7f-81c2-4e0b-98f9-91ba3e52c8ab	0.16049382716049382	0.9873417721518988
9e9f0c7f-81c2-4e0b-98f9-91ba3e52c8ab	0.16049382716049382	0.9873417721518988
9e9f0c7f-81c2-4e0b-98f9-91ba3e52c8ab	0.16049382716049382	0.9873417721518988
9e9f0c7f-81c2-4e0b-98f9-91ba3e52c8ab	0.16049382716049382	0.9873417721518988
9e9f0c7f-81c2-4e0b-98f9-91ba3e52c8ab	0.16049382716049382	0.9873417721518988
9e9f0c7f-81c2-4e0b-98f9-91ba3e52c8ab	0.16049382716049382	0.9873417721518988
9e9f0c7f-81c2-4e0b-98f9-91ba3e52c8ab	0.16049382716049382	0.9873417721518988
9e9f0c7f-81c2-4e0b-98f9-91ba3e52c8ab	0.16049382716049382	0.9873417721518988
9e9f0c7f-81c2-4e0b-98f9-91ba3e52c8ab	0.16049382716049382	0.9873417721518988
9e9f0c7f-81c2-4e0b-98f9-91ba3e52c8ab	0.16049382716049382	0.9873417721518988
9e9f0c7f-81c2-4e0b-98f9-91ba3e52c8ab	0.16049382716049382	0.9873417721518988
9e9f0c7f-81c2-4e0b-98f9-91ba3e52c8ab	0.16049382716049382	0.9873417721518988
9e9f0c7f-81c2-4e0b-98f9-91ba3e52c8ab	0.16049382716049382	0.9873417721518988
9e9f0c7f-81c2-4e0b-98f9-91ba3e52c8ab	0.16049382716049382	0.9873417721518988
9e9f0c7f-81c2-4e0b-98f9-91ba3e52c8ab	0.16049382716049382	0.9873417721518988
9e9f0c7f-81c2-4e0b-98f9-91ba3e52c8ab	0.16049382716049382	0.9873417721518988
9e9f0c7f-81c2-4e0b-98f9-91ba3e52c8ab	0.16049382716049382	0.9873417721518988
9e9f0c7f-81c2-4e0b-98f9-91ba3e52c8ab	0.16049382716049382	0.9873417721518988
9e9f0c7f-81c2-4e0b-98f9-91ba3e52c8ab	0.16049382716049382	0.9873417721518988
9e9f0c7f-81c2-4e0b-98f9-91ba3e52c8ab	0.16049382716049382	0.9873417721518988
9e9f0c7f-81c2-4e0b-98f9-91ba3e52c8ab	0.16049382716049382	0.9873417721518988
9e9f0c7f-81c2-4e0b-98f9-91ba3e52c8ab	0.16049382716049382	0.9873417721518988
9e9f0c7f-81c2-4e0b-98f9-91ba3e52c8ab	0.16049382716049382	0.9873417721518988
9e9f0c7f-81c2-4e0b-98f9-91ba3e52c8ab	0.16049382716049382	0.9873417721518988
9e9f0c7f-81c2-4e0b-98f9-91ba3e52c8ab	0.1728395061728395	0.9873417721518988
9e9f0c7f-81c2-4e0b-98f9-91ba3e52c8ab	0.1728395061728395	0.9873417721518988
9e9f0c7f-81c2-4e0b-98f9-91ba3e52c8ab	0.1728395061728395	0.9873417721518988
9e9f0c7f-81c2-4e0b-98f9-91ba3e52c8ab	0.1728395061728395	0.9873417721518988
9e9f0c7f-81c2-4e0b-98f9-91ba3e52c8ab	0.1728395061728395	0.9873417721518988
9e9f0c7f-81c2-4e0b-98f9-91ba3e52c8ab	0.1728395061728395	0.9873417721518988
9e9f0c7f-81c2-4e0b-98f9-91ba3e52c8ab	0.1728395061728395	0.9873417721518988
9e9f0c7f-81c2-4e0b-98f9-91ba3e52c8ab	0.1728395061728395	0.9873417721518988
9e9f0c7f-81c2-4e0b-98f9-91ba3e52c8ab	0.1728395061728395	0.9873417721518988
9e9f0c7f-81c2-4e0b-98f9-91ba3e52c8ab	0.1728395061728395	0.9873417721518988
9e9f0c7f-81c2-4e0b-98f9-91ba3e52c8ab	0.1728395061728395	0.9873417721518988
9e9f0c7f-81c2-4e0b-98f9-91ba3e52c8ab	0.1728395061728395	0.9873417721518988
9e9f0c7f-81c2-4e0b-98f9-91ba3e52c8ab	0.1728395061728395	0.9873417721518988
9e9f0c7f-81c2-4e0b-98f9-91ba3e52c8ab	0.1728395061728395	0.9873417721518988
9e9f0c7f-81c2-4e0b-98f9-91ba3e52c8ab	0.1728395061728395	0.9873417721518988
9e9f0c7f-81c2-4e0b-98f9-91ba3e52c8ab	0.1728395061728395	0.9873417721518988
9e9f0c7f-81c2-4e0b-98f9-91ba3e52c8ab	0.1728395061728395	0.9873417721518988
9e9f0c7f-81c2-4e0b-98f9-91ba3e52c8ab	0.1728395061728395	0.9873417721518988
9e9f0c7f-81c2-4e0b-98f9-91ba3e52c8ab	0.1728395061728395	0.9873417721518988
9e9f0c7f-81c2-4e0b-98f9-91ba3e52c8ab	0.1728395061728395	0.9873417721518988
9e9f0c7f-81c2-4e0b-98f9-91ba3e52c8ab	0.1728395061728395	0.9873417721518988
9e9f0c7f-81c2-4e0b-98f9-91ba3e52c8ab	0.1728395061728395	0.9873417721518988
9e9f0c7f-81c2-4e0b-98f9-91ba3e52c8ab	0.1728395061728395	0.9873417721518988
9e9f0c7f-81c2-4e0b-98f9-91ba3e52c8ab	0.1728395061728395	0.9873417721518988
9e9f0c7f-81c2-4e0b-98f9-91ba3e52c8ab	0.1728395061728395	0.9873417721518988
9e9f0c7f-81c2-4e0b-98f9-91ba3e52c8ab	0.1728395061728395	0.9873417721518988
9e9f0c7f-81c2-4e0b-98f9-91ba3e52c8ab	0.18518518518518517	0.9873417721518988
9e9f0c7f-81c2-4e0b-98f9-91ba3e52c8ab	0.18518518518518517	0.9873417721518988
9e9f0c7f-81c2-4e0b-98f9-91ba3e52c8ab	0.18518518518518517	0.9873417721518988
9e9f0c7f-81c2-4e0b-98f9-91ba3e52c8ab	0.18518518518518517	0.9873417721518988
9e9f0c7f-81c2-4e0b-98f9-91ba3e52c8ab	0.18518518518518517	0.9873417721518988
9e9f0c7f-81c2-4e0b-98f9-91ba3e52c8ab	0.18518518518518517	0.9873417721518988
9e9f0c7f-81c2-4e0b-98f9-91ba3e52c8ab	0.18518518518518517	0.9873417721518988
9e9f0c7f-81c2-4e0b-98f9-91ba3e52c8ab	0.18518518518518517	0.9873417721518988
9e9f0c7f-81c2-4e0b-98f9-91ba3e52c8ab	0.18518518518518517	0.9873417721518988
9e9f0c7f-81c2-4e0b-98f9-91ba3e52c8ab	0.18518518518518517	0.9873417721518988
9e9f0c7f-81c2-4e0b-98f9-91ba3e52c8ab	0.18518518518518517	0.9873417721518988
9e9f0c7f-81c2-4e0b-98f9-91ba3e52c8ab	0.18518518518518517	0.9873417721518988
9e9f0c7f-81c2-4e0b-98f9-91ba3e52c8ab	0.18518518518518517	0.9873417721518988
9e9f0c7f-81c2-4e0b-98f9-91ba3e52c8ab	0.18518518518518517	0.9873417721518988
9e9f0c7f-81c2-4e0b-98f9-91ba3e52c8ab	0.18518518518518517	0.9873417721518988
9e9f0c7f-81c2-4e0b-98f9-91ba3e52c8ab	0.18518518518518517	0.9873417721518988
9e9f0c7f-81c2-4e0b-98f9-91ba3e52c8ab	0.18518518518518517	0.9873417721518988
9e9f0c7f-81c2-4e0b-98f9-91ba3e52c8ab	0.18518518518518517	0.9873417721518988
9e9f0c7f-81c2-4e0b-98f9-91ba3e52c8ab	0.18518518518518517	0.9873417721518988
9e9f0c7f-81c2-4e0b-98f9-91ba3e52c8ab	0.18518518518518517	0.9873417721518988
9e9f0c7f-81c2-4e0b-98f9-91ba3e52c8ab	0.18518518518518517	0.9873417721518988
9e9f0c7f-81c2-4e0b-98f9-91ba3e52c8ab	0.18518518518518517	0.9873417721518988
9e9f0c7f-81c2-4e0b-98f9-91ba3e52c8ab	0.18518518518518517	0.9873417721518988
9e9f0c7f-81c2-4e0b-98f9-91ba3e52c8ab	0.18518518518518517	0.9873417721518988
9e9f0c7f-81c2-4e0b-98f9-91ba3e52c8ab	0.18518518518518517	0.9873417721518988
9e9f0c7f-81c2-4e0b-98f9-91ba3e52c8ab	0.19753086419753085	0.9873417721518988
9e9f0c7f-81c2-4e0b-98f9-91ba3e52c8ab	0.19753086419753085	0.9873417721518988
9e9f0c7f-81c2-4e0b-98f9-91ba3e52c8ab	0.19753086419753085	0.9873417721518988
9e9f0c7f-81c2-4e0b-98f9-91ba3e52c8ab	0.19753086419753085	0.9873417721518988
9e9f0c7f-81c2-4e0b-98f9-91ba3e52c8ab	0.19753086419753085	0.9873417721518988
9e9f0c7f-81c2-4e0b-98f9-91ba3e52c8ab	0.19753086419753085	0.9873417721518988
9e9f0c7f-81c2-4e0b-98f9-91ba3e52c8ab	0.19753086419753085	0.9873417721518988
9e9f0c7f-81c2-4e0b-98f9-91ba3e52c8ab	0.19753086419753085	0.9873417721518988
9e9f0c7f-81c2-4e0b-98f9-91ba3e52c8ab	0.19753086419753085	0.9873417721518988
9e9f0c7f-81c2-4e0b-98f9-91ba3e52c8ab	0.19753086419753085	0.9873417721518988
9e9f0c7f-81c2-4e0b-98f9-91ba3e52c8ab	0.19753086419753085	0.9873417721518988
9e9f0c7f-81c2-4e0b-98f9-91ba3e52c8ab	0.19753086419753085	0.9873417721518988
9e9f0c7f-81c2-4e0b-98f9-91ba3e52c8ab	0.19753086419753085	0.9873417721518988
9e9f0c7f-81c2-4e0b-98f9-91ba3e52c8ab	0.19753086419753085	0.9873417721518988
9e9f0c7f-81c2-4e0b-98f9-91ba3e52c8ab	0.19753086419753085	0.9873417721518988
9e9f0c7f-81c2-4e0b-98f9-91ba3e52c8ab	0.19753086419753085	0.9873417721518988
9e9f0c7f-81c2-4e0b-98f9-91ba3e52c8ab	0.19753086419753085	0.9873417721518988
9e9f0c7f-81c2-4e0b-98f9-91ba3e52c8ab	0.19753086419753085	0.9873417721518988
9e9f0c7f-81c2-4e0b-98f9-91ba3e52c8ab	0.20987654320987653	0.9873417721518988
9e9f0c7f-81c2-4e0b-98f9-91ba3e52c8ab	0.20987654320987653	0.9873417721518988
9e9f0c7f-81c2-4e0b-98f9-91ba3e52c8ab	0.20987654320987653	0.9873417721518988
9e9f0c7f-81c2-4e0b-98f9-91ba3e52c8ab	0.20987654320987653	0.9873417721518988
9e9f0c7f-81c2-4e0b-98f9-91ba3e52c8ab	0.20987654320987653	0.9873417721518988
9e9f0c7f-81c2-4e0b-98f9-91ba3e52c8ab	0.20987654320987653	0.9873417721518988
9e9f0c7f-81c2-4e0b-98f9-91ba3e52c8ab	0.20987654320987653	0.9873417721518988
9e9f0c7f-81c2-4e0b-98f9-91ba3e52c8ab	0.20987654320987653	0.9873417721518988
9e9f0c7f-81c2-4e0b-98f9-91ba3e52c8ab	0.20987654320987653	0.9873417721518988
9e9f0c7f-81c2-4e0b-98f9-91ba3e52c8ab	0.20987654320987653	0.9873417721518988
9e9f0c7f-81c2-4e0b-98f9-91ba3e52c8ab	0.20987654320987653	0.9873417721518988
9e9f0c7f-81c2-4e0b-98f9-91ba3e52c8ab	0.20987654320987653	0.9873417721518988
9e9f0c7f-81c2-4e0b-98f9-91ba3e52c8ab	0.20987654320987653	0.9873417721518988
9e9f0c7f-81c2-4e0b-98f9-91ba3e52c8ab	0.20987654320987653	0.9873417721518988
9e9f0c7f-81c2-4e0b-98f9-91ba3e52c8ab	0.20987654320987653	0.9873417721518988
9e9f0c7f-81c2-4e0b-98f9-91ba3e52c8ab	0.20987654320987653	0.9873417721518988
9e9f0c7f-81c2-4e0b-98f9-91ba3e52c8ab	0.20987654320987653	0.9873417721518988
9e9f0c7f-81c2-4e0b-98f9-91ba3e52c8ab	0.20987654320987653	0.9873417721518988
9e9f0c7f-81c2-4e0b-98f9-91ba3e52c8ab	0.20987654320987653	0.9873417721518988
9e9f0c7f-81c2-4e0b-98f9-91ba3e52c8ab	0.20987654320987653	0.9873417721518988
9e9f0c7f-81c2-4e0b-98f9-91ba3e52c8ab	0.20987654320987653	0.9873417721518988
9e9f0c7f-81c2-4e0b-98f9-91ba3e52c8ab	0.20987654320987653	0.9873417721518988
9e9f0c7f-81c2-4e0b-98f9-91ba3e52c8ab	0.20987654320987653	0.9873417721518988
9e9f0c7f-81c2-4e0b-98f9-91ba3e52c8ab	0.20987654320987653	0.9873417721518988
9e9f0c7f-81c2-4e0b-98f9-91ba3e52c8ab	0.20987654320987653	0.9873417721518988
9e9f0c7f-81c2-4e0b-98f9-91ba3e52c8ab	0.20987654320987653	0.9873417721518988
9e9f0c7f-81c2-4e0b-98f9-91ba3e52c8ab	0.20987654320987653	0.9873417721518988
9e9f0c7f-81c2-4e0b-98f9-91ba3e52c8ab	0.2222222222222222	0.9873417721518988
9e9f0c7f-81c2-4e0b-98f9-91ba3e52c8ab	0.2222222222222222	0.9873417721518988
9e9f0c7f-81c2-4e0b-98f9-91ba3e52c8ab	0.2345679012345679	0.9873417721518988
9e9f0c7f-81c2-4e0b-98f9-91ba3e52c8ab	0.2345679012345679	0.9873417721518988
9e9f0c7f-81c2-4e0b-98f9-91ba3e52c8ab	0.2345679012345679	0.9873417721518988
9e9f0c7f-81c2-4e0b-98f9-91ba3e52c8ab	0.2345679012345679	0.9873417721518988
9e9f0c7f-81c2-4e0b-98f9-91ba3e52c8ab	0.2345679012345679	0.9873417721518988
9e9f0c7f-81c2-4e0b-98f9-91ba3e52c8ab	0.2345679012345679	0.9873417721518988
9e9f0c7f-81c2-4e0b-98f9-91ba3e52c8ab	0.2345679012345679	0.9873417721518988
9e9f0c7f-81c2-4e0b-98f9-91ba3e52c8ab	0.2345679012345679	0.9873417721518988
9e9f0c7f-81c2-4e0b-98f9-91ba3e52c8ab	0.2345679012345679	0.9873417721518988
9e9f0c7f-81c2-4e0b-98f9-91ba3e52c8ab	0.2345679012345679	0.9873417721518988
9e9f0c7f-81c2-4e0b-98f9-91ba3e52c8ab	0.2345679012345679	0.9873417721518988
9e9f0c7f-81c2-4e0b-98f9-91ba3e52c8ab	0.2345679012345679	0.9873417721518988
9e9f0c7f-81c2-4e0b-98f9-91ba3e52c8ab	0.2345679012345679	0.9873417721518988
9e9f0c7f-81c2-4e0b-98f9-91ba3e52c8ab	0.2345679012345679	0.9873417721518988
9e9f0c7f-81c2-4e0b-98f9-91ba3e52c8ab	0.24691358024691357	0.9873417721518988
9e9f0c7f-81c2-4e0b-98f9-91ba3e52c8ab	0.24691358024691357	0.9873417721518988
9e9f0c7f-81c2-4e0b-98f9-91ba3e52c8ab	0.24691358024691357	0.9873417721518988
9e9f0c7f-81c2-4e0b-98f9-91ba3e52c8ab	0.24691358024691357	0.9873417721518988
9e9f0c7f-81c2-4e0b-98f9-91ba3e52c8ab	0.24691358024691357	0.9873417721518988
9e9f0c7f-81c2-4e0b-98f9-91ba3e52c8ab	0.24691358024691357	0.9873417721518988
9e9f0c7f-81c2-4e0b-98f9-91ba3e52c8ab	0.25925925925925924	0.9873417721518988
9e9f0c7f-81c2-4e0b-98f9-91ba3e52c8ab	0.25925925925925924	0.9873417721518988
9e9f0c7f-81c2-4e0b-98f9-91ba3e52c8ab	0.25925925925925924	0.9873417721518988
9e9f0c7f-81c2-4e0b-98f9-91ba3e52c8ab	0.25925925925925924	0.9873417721518988
9e9f0c7f-81c2-4e0b-98f9-91ba3e52c8ab	0.25925925925925924	0.9873417721518988
9e9f0c7f-81c2-4e0b-98f9-91ba3e52c8ab	0.25925925925925924	0.9873417721518988
9e9f0c7f-81c2-4e0b-98f9-91ba3e52c8ab	0.25925925925925924	0.9873417721518988
9e9f0c7f-81c2-4e0b-98f9-91ba3e52c8ab	0.25925925925925924	0.9873417721518988
9e9f0c7f-81c2-4e0b-98f9-91ba3e52c8ab	0.25925925925925924	0.9873417721518988
9e9f0c7f-81c2-4e0b-98f9-91ba3e52c8ab	0.25925925925925924	0.9873417721518988
9e9f0c7f-81c2-4e0b-98f9-91ba3e52c8ab	0.25925925925925924	0.9873417721518988
9e9f0c7f-81c2-4e0b-98f9-91ba3e52c8ab	0.25925925925925924	0.9873417721518988
9e9f0c7f-81c2-4e0b-98f9-91ba3e52c8ab	0.25925925925925924	0.9873417721518988
9e9f0c7f-81c2-4e0b-98f9-91ba3e52c8ab	0.25925925925925924	0.9873417721518988
9e9f0c7f-81c2-4e0b-98f9-91ba3e52c8ab	0.25925925925925924	0.9873417721518988
9e9f0c7f-81c2-4e0b-98f9-91ba3e52c8ab	0.2716049382716049	0.9873417721518988
9e9f0c7f-81c2-4e0b-98f9-91ba3e52c8ab	0.2716049382716049	0.9873417721518988
9e9f0c7f-81c2-4e0b-98f9-91ba3e52c8ab	0.2716049382716049	0.9873417721518988
9e9f0c7f-81c2-4e0b-98f9-91ba3e52c8ab	0.2716049382716049	0.9873417721518988
9e9f0c7f-81c2-4e0b-98f9-91ba3e52c8ab	0.2839506172839506	0.9873417721518988
9e9f0c7f-81c2-4e0b-98f9-91ba3e52c8ab	0.2839506172839506	0.9873417721518988
9e9f0c7f-81c2-4e0b-98f9-91ba3e52c8ab	0.2839506172839506	0.9873417721518988
9e9f0c7f-81c2-4e0b-98f9-91ba3e52c8ab	0.2839506172839506	0.9873417721518988
9e9f0c7f-81c2-4e0b-98f9-91ba3e52c8ab	0.2839506172839506	0.9873417721518988
9e9f0c7f-81c2-4e0b-98f9-91ba3e52c8ab	0.2962962962962963	0.9873417721518988
9e9f0c7f-81c2-4e0b-98f9-91ba3e52c8ab	0.2962962962962963	0.9873417721518988
9e9f0c7f-81c2-4e0b-98f9-91ba3e52c8ab	0.32098765432098764	1
9e9f0c7f-81c2-4e0b-98f9-91ba3e52c8ab	0.32098765432098764	1
9e9f0c7f-81c2-4e0b-98f9-91ba3e52c8ab	0.32098765432098764	0.9873417721518988
9e9f0c7f-81c2-4e0b-98f9-91ba3e52c8ab	0.32098765432098764	0.9873417721518988
9e9f0c7f-81c2-4e0b-98f9-91ba3e52c8ab	0.3333333333333333	1
9e9f0c7f-81c2-4e0b-98f9-91ba3e52c8ab	0.3333333333333333	1
9e9f0c7f-81c2-4e0b-98f9-91ba3e52c8ab	0.3333333333333333	1
9e9f0c7f-81c2-4e0b-98f9-91ba3e52c8ab	0.345679012345679	1
9e9f0c7f-81c2-4e0b-98f9-91ba3e52c8ab	0.35802469135802467	1
9e9f0c7f-81c2-4e0b-98f9-91ba3e52c8ab	0.35802469135802467	1
9e9f0c7f-81c2-4e0b-98f9-91ba3e52c8ab	0.35802469135802467	1
9e9f0c7f-81c2-4e0b-98f9-91ba3e52c8ab	0.37037037037037035	1
9e9f0c7f-81c2-4e0b-98f9-91ba3e52c8ab	0.38271604938271603	1
9e9f0c7f-81c2-4e0b-98f9-91ba3e52c8ab	0.38271604938271603	1
9e9f0c7f-81c2-4e0b-98f9-91ba3e52c8ab	0.3950617283950617	1
9e9f0c7f-81c2-4e0b-98f9-91ba3e52c8ab	0.3950617283950617	1
9e9f0c7f-81c2-4e0b-98f9-91ba3e52c8ab	0.3950617283950617	1
9e9f0c7f-81c2-4e0b-98f9-91ba3e52c8ab	0.3950617283950617	1
9e9f0c7f-81c2-4e0b-98f9-91ba3e52c8ab	0.3950617283950617	1
9e9f0c7f-81c2-4e0b-98f9-91ba3e52c8ab	0.3950617283950617	1
9e9f0c7f-81c2-4e0b-98f9-91ba3e52c8ab	0.4074074074074074	1
9e9f0c7f-81c2-4e0b-98f9-91ba3e52c8ab	0.4074074074074074	1
9e9f0c7f-81c2-4e0b-98f9-91ba3e52c8ab	0.41975308641975306	1
9e9f0c7f-81c2-4e0b-98f9-91ba3e52c8ab	0.4444444444444444	1
9e9f0c7f-81c2-4e0b-98f9-91ba3e52c8ab	0.4444444444444444	1
9e9f0c7f-81c2-4e0b-98f9-91ba3e52c8ab	0.4444444444444444	1
9e9f0c7f-81c2-4e0b-98f9-91ba3e52c8ab	0.4444444444444444	1
9e9f0c7f-81c2-4e0b-98f9-91ba3e52c8ab	0.4444444444444444	1
9e9f0c7f-81c2-4e0b-98f9-91ba3e52c8ab	0.4567901234567901	1
9e9f0c7f-81c2-4e0b-98f9-91ba3e52c8ab	0.4567901234567901	1
9e9f0c7f-81c2-4e0b-98f9-91ba3e52c8ab	0.49382716049382713	1
9e9f0c7f-81c2-4e0b-98f9-91ba3e52c8ab	0.49382716049382713	1
9e9f0c7f-81c2-4e0b-98f9-91ba3e52c8ab	0.49382716049382713	1
9e9f0c7f-81c2-4e0b-98f9-91ba3e52c8ab	0.49382716049382713	1
9e9f0c7f-81c2-4e0b-98f9-91ba3e52c8ab	0.49382716049382713	1
9e9f0c7f-81c2-4e0b-98f9-91ba3e52c8ab	0.49382716049382713	1
9e9f0c7f-81c2-4e0b-98f9-91ba3e52c8ab	0.49382716049382713	1
9e9f0c7f-81c2-4e0b-98f9-91ba3e52c8ab	0.49382716049382713	1
9e9f0c7f-81c2-4e0b-98f9-91ba3e52c8ab	0.49382716049382713	1
9e9f0c7f-81c2-4e0b-98f9-91ba3e52c8ab	0.49382716049382713	1
9e9f0c7f-81c2-4e0b-98f9-91ba3e52c8ab	0.49382716049382713	1
9e9f0c7f-81c2-4e0b-98f9-91ba3e52c8ab	0.49382716049382713	1
9e9f0c7f-81c2-4e0b-98f9-91ba3e52c8ab	0.49382716049382713	1
9e9f0c7f-81c2-4e0b-98f9-91ba3e52c8ab	0.49382716049382713	1
9e9f0c7f-81c2-4e0b-98f9-91ba3e52c8ab	0.49382716049382713	1
9e9f0c7f-81c2-4e0b-98f9-91ba3e52c8ab	0.5061728395061729	1
9e9f0c7f-81c2-4e0b-98f9-91ba3e52c8ab	0.5185185185185185	1
9e9f0c7f-81c2-4e0b-98f9-91ba3e52c8ab	0.5185185185185185	1
9e9f0c7f-81c2-4e0b-98f9-91ba3e52c8ab	0.5185185185185185	1
9e9f0c7f-81c2-4e0b-98f9-91ba3e52c8ab	0.5185185185185185	1
9e9f0c7f-81c2-4e0b-98f9-91ba3e52c8ab	0.5185185185185185	1
9e9f0c7f-81c2-4e0b-98f9-91ba3e52c8ab	0.5308641975308642	1
9e9f0c7f-81c2-4e0b-98f9-91ba3e52c8ab	0.5308641975308642	1
9e9f0c7f-81c2-4e0b-98f9-91ba3e52c8ab	0.5308641975308642	1
9e9f0c7f-81c2-4e0b-98f9-91ba3e52c8ab	0.5308641975308642	1
9e9f0c7f-81c2-4e0b-98f9-91ba3e52c8ab	0.5308641975308642	1
9e9f0c7f-81c2-4e0b-98f9-91ba3e52c8ab	0.5308641975308642	1
9e9f0c7f-81c2-4e0b-98f9-91ba3e52c8ab	0.5432098765432098	1
9e9f0c7f-81c2-4e0b-98f9-91ba3e52c8ab	0.5555555555555556	1
9e9f0c7f-81c2-4e0b-98f9-91ba3e52c8ab	0.5555555555555556	1
9e9f0c7f-81c2-4e0b-98f9-91ba3e52c8ab	0.5555555555555556	1
9e9f0c7f-81c2-4e0b-98f9-91ba3e52c8ab	0.5555555555555556	1
9e9f0c7f-81c2-4e0b-98f9-91ba3e52c8ab	0.5555555555555556	1
9e9f0c7f-81c2-4e0b-98f9-91ba3e52c8ab	0.5802469135802469	1
9e9f0c7f-81c2-4e0b-98f9-91ba3e52c8ab	0.5925925925925926	1
9e9f0c7f-81c2-4e0b-98f9-91ba3e52c8ab	0.6049382716049383	1
9e9f0c7f-81c2-4e0b-98f9-91ba3e52c8ab	0.6296296296296297	1
9e9f0c7f-81c2-4e0b-98f9-91ba3e52c8ab	0.6296296296296297	1
9e9f0c7f-81c2-4e0b-98f9-91ba3e52c8ab	0.6296296296296297	1
9e9f0c7f-81c2-4e0b-98f9-91ba3e52c8ab	0.6419753086419753	1
9e9f0c7f-81c2-4e0b-98f9-91ba3e52c8ab	0.654320987654321	1
9e9f0c7f-81c2-4e0b-98f9-91ba3e52c8ab	0.654320987654321	1
9e9f0c7f-81c2-4e0b-98f9-91ba3e52c8ab	0.6666666666666666	1
9e9f0c7f-81c2-4e0b-98f9-91ba3e52c8ab	0.7037037037037037	1
9e9f0c7f-81c2-4e0b-98f9-91ba3e52c8ab	0.7037037037037037	1
9e9f0c7f-81c2-4e0b-98f9-91ba3e52c8ab	0.7037037037037037	1
9e9f0c7f-81c2-4e0b-98f9-91ba3e52c8ab	0.7283950617283951	1
9e9f0c7f-81c2-4e0b-98f9-91ba3e52c8ab	0.7407407407407407	1
9e9f0c7f-81c2-4e0b-98f9-91ba3e52c8ab	0.7777777777777778	1
9e9f0c7f-81c2-4e0b-98f9-91ba3e52c8ab	0.7777777777777778	1
9e9f0c7f-81c2-4e0b-98f9-91ba3e52c8ab	0.7901234567901234	1
9e9f0c7f-81c2-4e0b-98f9-91ba3e52c8ab	0.7901234567901234	1
9e9f0c7f-81c2-4e0b-98f9-91ba3e52c8ab	0.7901234567901234	1
9e9f0c7f-81c2-4e0b-98f9-91ba3e52c8ab	0.7901234567901234	1
9e9f0c7f-81c2-4e0b-98f9-91ba3e52c8ab	0.8024691358024691	1
9e9f0c7f-81c2-4e0b-98f9-91ba3e52c8ab	0.8271604938271605	1
9e9f0c7f-81c2-4e0b-98f9-91ba3e52c8ab	0.8395061728395061	1
9e9f0c7f-81c2-4e0b-98f9-91ba3e52c8ab	0.8518518518518519	1
9e9f0c7f-81c2-4e0b-98f9-91ba3e52c8ab	0.8888888888888888	1
9e9f0c7f-81c2-4e0b-98f9-91ba3e52c8ab	0.9135802469135802	1
9e9f0c7f-81c2-4e0b-98f9-91ba3e52c8ab	0.9259259259259259	1
9e9f0c7f-81c2-4e0b-98f9-91ba3e52c8ab	0.9506172839506173	1
9e9f0c7f-81c2-4e0b-98f9-91ba3e52c8ab	0.9876543209876543	1
9e9f0c7f-81c2-4e0b-98f9-91ba3e52c8ab	1	1
9e9f0c7f-81c2-4e0b-98f9-91ba3e52c8ab	1	1